pid,volume,image_number,head,entry,topic,first_letter,xref,see,index,item,unparsed,line,full_image,order,thumbnail,full,manifest
alpha_270,Volume 2,20,,Idleness,Idleness,I/J,Negligence|Laziness|943 [Idleness],,idleness,#item-7017cd5b4,,Entry: Idleness|Topic: Idleness|XRef: Negligence|XRef: Laziness|XRef: 943 [Idleness]|Index: idleness|#item-7017cd5b4,https://stacks.stanford.edu/image/iiif/fm855tg5659%2F1607_0487/full/full/0/default.jpg,270,http://openn.library.upenn.edu/Data/0002/mscodex726/data/thumb/1607_0487_thumb.jpg,"https://stacks.stanford.edu/image/iiif/fm855tg5659%2F1607_0487/808,3744,2912,521/full/0/default.jpg",http://dev.llgc.org.uk/annotation/1508858565854
alpha_271,Volume 2,20,,Idolatry,Idolatry,I/J,Images|610 [Idolatry],,idolatry,#item-cab080c4a,,Entry: Idolatry|Topic: Idolatry|XRef: Images|XRef: 610 [Idolatry]|Index: idolatry|#item-cab080c4a,https://stacks.stanford.edu/image/iiif/fm855tg5659%2F1607_0487/full/full/0/default.jpg,271,http://openn.library.upenn.edu/Data/0002/mscodex726/data/thumb/1607_0487_thumb.jpg,"https://stacks.stanford.edu/image/iiif/fm855tg5659%2F1607_0487/816,4188,2889,453/full/0/default.jpg",http://dev.llgc.org.uk/annotation/1508858620423
alpha_272,Volume 2,20,,Jealousie,Jealousie,I/J,1301 [Jealous],,jealousie,#item-d56a0a1f2,,Entry: Jealousie|Topic: Jealousie|XRef: 1301 [Jealous]|Index: jealousie|#item-d56a0a1f2,https://stacks.stanford.edu/image/iiif/fm855tg5659%2F1607_0487/full/full/0/default.jpg,272,http://openn.library.upenn.edu/Data/0002/mscodex726/data/thumb/1607_0487_thumb.jpg,"https://stacks.stanford.edu/image/iiif/fm855tg5659%2F1607_0487/845,4587,2864,468/full/0/default.jpg",http://dev.llgc.org.uk/annotation/1508858741752
alpha_273,Volume 2,21,,Ignoble,Ignoble,I/J,Nobility|4884 [Ignoble],,ignoble,#item-bebb1e5fa,,Entry: Ignoble|Topic: Ignoble|XRef: Nobility|XRef: 4884 [Ignoble]|Index: ignoble|#item-bebb1e5fa,https://stacks.stanford.edu/image/iiif/fm855tg5659%2F1607_0488/full/full/0/default.jpg,273,http://openn.library.upenn.edu/Data/0002/mscodex726/data/thumb/1607_0488_thumb.jpg,"https://stacks.stanford.edu/image/iiif/fm855tg5659%2F1607_0488/366,2142,2978,399/full/0/default.jpg",http://dev.llgc.org.uk/annotation/1508859356249
alpha_274,Volume 2,21,,Ignorance,Ignorance,I/J,Knowledge|Unknown|642 [Ignorance],,ignorance,#item-7e6fdbe6f,,Entry: Ignorance|Topic: Ignorance|XRef: Knowledge|XRef: Unknown|XRef: 642 [Ignorance]|Index: ignorance|#item-7e6fdbe6f,https://stacks.stanford.edu/image/iiif/fm855tg5659%2F1607_0488/full/full/0/default.jpg,274,http://openn.library.upenn.edu/Data/0002/mscodex726/data/thumb/1607_0488_thumb.jpg,"https://stacks.stanford.edu/image/iiif/fm855tg5659%2F1607_0488/350,2536,3035,475/full/0/default.jpg",http://dev.llgc.org.uk/annotation/1508859433343
alpha_275,Volume 2,21,,Illumination,Illumination,I/J,revelation|1027 [Illumination],,illumination,#item-7c6ed06fa,,Entry: Illumination|Topic: Illumination|XRef: revelation|XRef: 1027 [Illumination]|Index: illumination|#item-7c6ed06fa,https://stacks.stanford.edu/image/iiif/fm855tg5659%2F1607_0488/full/full/0/default.jpg,275,http://openn.library.upenn.edu/Data/0002/mscodex726/data/thumb/1607_0488_thumb.jpg,"https://stacks.stanford.edu/image/iiif/fm855tg5659%2F1607_0488/361,3010,2987,530/full/0/default.jpg",http://dev.llgc.org.uk/annotation/1508859508821
alpha_276,Volume 2,21,,Image of God,Image of God,I/J,2077 [Image of God],,Image of God,#item-d5708a454,,Entry: Image of God|Topic: Image of God|XRef: 2077 [Image of God]|Index:  Image of God|#item-d5708a454,https://stacks.stanford.edu/image/iiif/fm855tg5659%2F1607_0488/full/full/0/default.jpg,276,http://openn.library.upenn.edu/Data/0002/mscodex726/data/thumb/1607_0488_thumb.jpg,"https://stacks.stanford.edu/image/iiif/fm855tg5659%2F1607_0488/370,3999,3003,332/full/0/default.jpg",http://dev.llgc.org.uk/annotation/1508859725481
alpha_277,Volume 2,21,,Images,Images,I/J,Idolatry|955 [Images],,images,#item-5c5901a59,,Entry: Images|Topic: Images|XRef: Idolatry|XRef: 955 [Images]|Index: images|#item-5c5901a59,https://stacks.stanford.edu/image/iiif/fm855tg5659%2F1607_0488/full/full/0/default.jpg,277,http://openn.library.upenn.edu/Data/0002/mscodex726/data/thumb/1607_0488_thumb.jpg,"https://stacks.stanford.edu/image/iiif/fm855tg5659%2F1607_0488/370,3559,2978,438/full/0/default.jpg",http://dev.llgc.org.uk/annotation/1508859621292
alpha_278,Volume 2,21,,Imagination,Imagination,I/J,opinion|thoughts|736 [],,imagination,#item-c17c682d7,,Entry: Imagination|Topic: Imagination|XRef: opinion|XRef: thoughts|XRef: 736 []|Index: imagination|#item-c17c682d7,https://stacks.stanford.edu/image/iiif/fm855tg5659%2F1607_0488/full/full/0/default.jpg,278,http://openn.library.upenn.edu/Data/0002/mscodex726/data/thumb/1607_0488_thumb.jpg,"https://stacks.stanford.edu/image/iiif/fm855tg5659%2F1607_0488/370,4329,3007,325/full/0/default.jpg",http://dev.llgc.org.uk/annotation/1508859792142
alpha_279,Volume 2,21,,Imitation,Imitation,I/J,Example,,imitation,#item-4bce0df37,,Entry: Imitation|Topic: Imitation|XRef: Example|Index: imitation|#item-4bce0df37,https://stacks.stanford.edu/image/iiif/fm855tg5659%2F1607_0488/full/full/0/default.jpg,279,http://openn.library.upenn.edu/Data/0002/mscodex726/data/thumb/1607_0488_thumb.jpg,"https://stacks.stanford.edu/image/iiif/fm855tg5659%2F1607_0488/363,4653,2993,350/full/0/default.jpg",http://dev.llgc.org.uk/annotation/1508859876871
alpha_280,Volume 2,21,,Jesting,Jesting,I/J,buffoonry|1119 [Jest],,jesting,#item-8fd26eddf,,Entry: Jesting|Topic: Jesting|XRef: buffoonry|XRef: 1119 [Jest]|Index: jesting|#item-8fd26eddf|,https://stacks.stanford.edu/image/iiif/fm855tg5659%2F1607_0488/full/full/0/default.jpg,280,http://openn.library.upenn.edu/Data/0002/mscodex726/data/thumb/1607_0488_thumb.jpg,"https://stacks.stanford.edu/image/iiif/fm855tg5659%2F1607_0488/360,256,3011,363/full/0/default.jpg",http://dev.llgc.org.uk/annotation/1508858832957
alpha_281,Volume 2,21,,Jesuite,Jesuite,I/J,1292 [Jesuites],,Jesuite,#item-c421e7050,,Entry: Jesuite|Topic: Jesuite|XRef: 1292 [Jesuites]|Index: Jesuite|#item-c421e7050,https://stacks.stanford.edu/image/iiif/fm855tg5659%2F1607_0488/full/full/0/default.jpg,281,http://openn.library.upenn.edu/Data/0002/mscodex726/data/thumb/1607_0488_thumb.jpg,"https://stacks.stanford.edu/image/iiif/fm855tg5659%2F1607_0488/350,619,3035,318/full/0/default.jpg",http://dev.llgc.org.uk/annotation/1508859070768
alpha_282,Volume 2,21,,Jesus,Jesus,I/J,Christ|Saviour,,Jesus,#item-fc54ff4b7,,Entry: Jesus|Topic: Jesus|XRef: Christ|XRef: Saviour|Index: Jesus|#item-fc54ff4b7,https://stacks.stanford.edu/image/iiif/fm855tg5659%2F1607_0488/full/full/0/default.jpg,282,http://openn.library.upenn.edu/Data/0002/mscodex726/data/thumb/1607_0488_thumb.jpg,"https://stacks.stanford.edu/image/iiif/fm855tg5659%2F1607_0488/359,929,2974,442/full/0/default.jpg",http://dev.llgc.org.uk/annotation/1508859135558
alpha_283,Volume 2,21,,Jew,Jew,I/J,564 [Jews],,Jews,#item-1155bf4a8,,Entry: Jew|Topic: Jew|XRef: 564 [Jews]|Index: Jews|#item-1155bf4a8,https://stacks.stanford.edu/image/iiif/fm855tg5659%2F1607_0488/full/full/0/default.jpg,283,http://openn.library.upenn.edu/Data/0002/mscodex726/data/thumb/1607_0488_thumb.jpg,"https://stacks.stanford.edu/image/iiif/fm855tg5659%2F1607_0488/374,1408,2982,370/full/0/default.jpg",http://dev.llgc.org.uk/annotation/1508859195616
alpha_284,Volume 2,21,,Jewel,Jewel,I/J,1657 [Jewel],,Jewel,#item-0faa36aaf,,Entry: Jewel|Topic: Jewel|XRef: 1657 [Jewel]|Index: Jewel|#item-0faa36aaf,https://stacks.stanford.edu/image/iiif/fm855tg5659%2F1607_0488/full/full/0/default.jpg,284,http://openn.library.upenn.edu/Data/0002/mscodex726/data/thumb/1607_0488_thumb.jpg,"https://stacks.stanford.edu/image/iiif/fm855tg5659%2F1607_0488/341,1781,3046,349/full/0/default.jpg",http://dev.llgc.org.uk/annotation/1508859266436
alpha_285,Volume 2,22,,Imitation of Christ,Imitation of Christ,I/J,1010 [The Following of Christ],,-of Christ,#item-e6337f777,,Entry: Imitation of Christ|Topic: Imitation of Christ|XRef: 1010 [The Following of Christ]|Index: -of Christ|#item-e6337f777,https://stacks.stanford.edu/image/iiif/fm855tg5659%2F1607_0489/full/full/0/default.jpg,285,http://openn.library.upenn.edu/Data/0002/mscodex726/data/thumb/1607_0489_thumb.jpg,"https://stacks.stanford.edu/image/iiif/fm855tg5659%2F1607_0489/810,251,2895,719/full/0/default.jpg",http://dev.llgc.org.uk/annotation/1508859982101
alpha_286,Volume 2,22,,Impartiality,Impartiality,I/J,Partiality|Neutrality|1417 [Impartial]|Indifferency,,impartiality,#item-37fe4196e,,Entry: Impartiality|Topic: Impartiality|XRef: Partiality|XRef: Neutrality|XRef: 1417 [Impartial]|XRef: Indifferency|Index: impartiality|#item-37fe4196e,https://stacks.stanford.edu/image/iiif/fm855tg5659%2F1607_0489/full/full/0/default.jpg,286,http://openn.library.upenn.edu/Data/0002/mscodex726/data/thumb/1607_0489_thumb.jpg,"https://stacks.stanford.edu/image/iiif/fm855tg5659%2F1607_0489/799,920,2957,550/full/0/default.jpg",http://dev.llgc.org.uk/annotation/1508860112600
alpha_287,Volume 2,22,,Impatience,Impatience,I/J,Patience|1147 [Impatience],,impatience,#item-267c3ac3f,,Entry: Impatience|Topic: Impatience|XRef: Patience|XRef: 1147 [Impatience]|Index: impatience|#item-267c3ac3f,https://stacks.stanford.edu/image/iiif/fm855tg5659%2F1607_0489/full/full/0/default.jpg,287,http://openn.library.upenn.edu/Data/0002/mscodex726/data/thumb/1607_0489_thumb.jpg,"https://stacks.stanford.edu/image/iiif/fm855tg5659%2F1607_0489/799,1415,2916,681/full/0/default.jpg",http://dev.llgc.org.uk/annotation/1508860171903
alpha_288,Volume 2,22,,Impenitence,Impenitence,I/J,repentance|1945 [Impenitence],,impenitence,#item-cebd48102,,Entry: Impenitence|Topic: Impenitence|XRef: repentance|XRef: 1945 [Impenitence]|Index: impenitence|#item-cebd48102,https://stacks.stanford.edu/image/iiif/fm855tg5659%2F1607_0489/full/full/0/default.jpg,288,http://openn.library.upenn.edu/Data/0002/mscodex726/data/thumb/1607_0489_thumb.jpg,"https://stacks.stanford.edu/image/iiif/fm855tg5659%2F1607_0489/770,2048,2959,481/full/0/default.jpg",http://dev.llgc.org.uk/annotation/1508860280648
alpha_289,Volume 2,22,,Imperfection,Imperfection,I/J,Perfect|205 [Imperfection],,imperfection,#item-ba07ed192,,Entry: Imperfection|Topic: Imperfection|XRef: Perfect|XRef:  205 [Imperfection]|Index: imperfection|#item-ba07ed192,https://stacks.stanford.edu/image/iiif/fm855tg5659%2F1607_0489/full/full/0/default.jpg,289,http://openn.library.upenn.edu/Data/0002/mscodex726/data/thumb/1607_0489_thumb.jpg,"https://stacks.stanford.edu/image/iiif/fm855tg5659%2F1607_0489/830,2493,2870,432/full/0/default.jpg",http://dev.llgc.org.uk/annotation/1508860367830
alpha_290,Volume 2,22,,Impossibility,Impossibility,I/J,Possibility|807 [],,impossible,#item-dfaf3e8c6,,Entry: Impossibility|Topic: Impossibility|XRef: Possibility|XRef: 807 []|Index: impossible|#item-dfaf3e8c6,https://stacks.stanford.edu/image/iiif/fm855tg5659%2F1607_0489/full/full/0/default.jpg,290,http://openn.library.upenn.edu/Data/0002/mscodex726/data/thumb/1607_0489_thumb.jpg,"https://stacks.stanford.edu/image/iiif/fm855tg5659%2F1607_0489/832,2898,2851,590/full/0/default.jpg",http://dev.llgc.org.uk/annotation/1508860466166
alpha_291,Volume 2,22,,Imputation,Imputation,I/J,79 [Imputation],,imputation,#item-5c83dacce,,Entry: Imputation|Topic: Imputation|XRef: 79 [Imputation]|Index: imputation|#item-5c83dacce,https://stacks.stanford.edu/image/iiif/fm855tg5659%2F1607_0489/full/full/0/default.jpg,291,http://openn.library.upenn.edu/Data/0002/mscodex726/data/thumb/1607_0489_thumb.jpg,"https://stacks.stanford.edu/image/iiif/fm855tg5659%2F1607_0489/846,3479,2841,356/full/0/default.jpg",http://dev.llgc.org.uk/annotation/1508860664534
alpha_292,Volume 2,22,,Incivility,Incivility,I/J,Civil,,incivility,#item-123fb86c5,,Entry: Incivility|Topic: Incivility|XRef: Civil|Index: incivility|#item-123fb86c5,https://stacks.stanford.edu/image/iiif/fm855tg5659%2F1607_0489/full/full/0/default.jpg,292,http://openn.library.upenn.edu/Data/0002/mscodex726/data/thumb/1607_0489_thumb.jpg,"https://stacks.stanford.edu/image/iiif/fm855tg5659%2F1607_0489/802,3807,2944,451/full/0/default.jpg",http://dev.llgc.org.uk/annotation/1508861701453
alpha_293,Volume 2,22,,Inconsiderancy,Inconsiderancy,I/J,Consid.|1884 [],,inconsiderancy,#item-62a54fe6c,,Entry: Inconsiderancy|Topic: Inconsiderancy|XRef: Consid.|XRef: 1884 []|Index: inconsiderancy|#item-62a54fe6c,https://stacks.stanford.edu/image/iiif/fm855tg5659%2F1607_0489/full/full/0/default.jpg,293,http://openn.library.upenn.edu/Data/0002/mscodex726/data/thumb/1607_0489_thumb.jpg,"https://stacks.stanford.edu/image/iiif/fm855tg5659%2F1607_0489/799,4228,2898,409/full/0/default.jpg",http://dev.llgc.org.uk/annotation/1508957798366
alpha_294,Volume 2,22,,Incontinence,Incontinence,I/J,Continency|pleasure|luxury,,incontinence,#item-b52b4d5e1,,Entry: Incontinence|Topic: Incontinence|XRef: Continency|XRef: pleasure|XRef: luxury|Index: incontinence|#item-b52b4d5e1,https://stacks.stanford.edu/image/iiif/fm855tg5659%2F1607_0489/full/full/0/default.jpg,294,http://openn.library.upenn.edu/Data/0002/mscodex726/data/thumb/1607_0489_thumb.jpg,"https://stacks.stanford.edu/image/iiif/fm855tg5659%2F1607_0489/805,4606,2879,140/full/0/default.jpg",http://dev.llgc.org.uk/annotation/1508957860408
alpha_295,Volume 2,23,,Increase,Increase,I/J,Progress|604 [Increase],,increase,#item-ecb0ab2df,,Entry: Increase|Topic: Increase|XRef: Progress|XRef: 604 [Increase]|Index: increase|#item-ecb0ab2df,https://stacks.stanford.edu/image/iiif/fm855tg5659%2F1607_0490/full/full/0/default.jpg,295,http://openn.library.upenn.edu/Data/0002/mscodex726/data/thumb/1607_0490_thumb.jpg,"https://stacks.stanford.edu/image/iiif/fm855tg5659%2F1607_0490/252,245,3126,340/full/0/default.jpg",http://dev.llgc.org.uk/annotation/1508957984416
alpha_296,Volume 2,23,,Inequality,Inequality,I/J,Equality|1407 [Inequality],,inequality,#item-bafe6a7d2,,Entry: Inequality|Topic: Inequality|XRef: Equality|XRef: 1407 [Inequality]|Index: inequality|#item-bafe6a7d2,https://stacks.stanford.edu/image/iiif/fm855tg5659%2F1607_0490/full/full/0/default.jpg,296,http://openn.library.upenn.edu/Data/0002/mscodex726/data/thumb/1607_0490_thumb.jpg,"https://stacks.stanford.edu/image/iiif/fm855tg5659%2F1607_0490/238,583,3131,276/full/0/default.jpg",http://dev.llgc.org.uk/annotation/1508958087028
alpha_297,Volume 2,23,,Infant Killing,Infant Killing,I/J,,,-killing,#item-3532e502e,,Entry: Infant Killing|Topic: Infant Killing|Index: -killing|#item-3532e502e,https://stacks.stanford.edu/image/iiif/fm855tg5659%2F1607_0490/full/full/0/default.jpg,297,http://openn.library.upenn.edu/Data/0002/mscodex726/data/thumb/1607_0490_thumb.jpg,"https://stacks.stanford.edu/image/iiif/fm855tg5659%2F1607_0490/250,859,3171,123/full/0/default.jpg",http://dev.llgc.org.uk/annotation/1508958180333
alpha_298,Volume 2,23,,Infidelity,Infidelity,I/J,2380 [Unfaithful],,infidelity,#item-3d1985b0c,,Entry: Infidelity|Topic: Infidelity|XRef: 2380 [Unfaithful]|Index: infidelity|#item-3d1985b0c,https://stacks.stanford.edu/image/iiif/fm855tg5659%2F1607_0490/full/full/0/default.jpg,298,http://openn.library.upenn.edu/Data/0002/mscodex726/data/thumb/1607_0490_thumb.jpg,"https://stacks.stanford.edu/image/iiif/fm855tg5659%2F1607_0490/283,986,3095,180/full/0/default.jpg",http://dev.llgc.org.uk/annotation/1508958255816
alpha_299,Volume 2,23,,Infirmity,Infirmity,I/J,325 [Infirmity],,infirmity,#item-24f20eccd,,Entry: Infirmity|Topic: Infirmity|XRef: 325 [Infirmity]|Index: infirmity|#item-24f20eccd,https://stacks.stanford.edu/image/iiif/fm855tg5659%2F1607_0490/full/full/0/default.jpg,299,http://openn.library.upenn.edu/Data/0002/mscodex726/data/thumb/1607_0490_thumb.jpg,"https://stacks.stanford.edu/image/iiif/fm855tg5659%2F1607_0490/306,1169,3067,273/full/0/default.jpg",http://dev.llgc.org.uk/annotation/1508958358039
alpha_300,Volume 2,23,,Information,Information,I/J,Catechism|doctrine|1176 [Inform],,information,#item-aee722ed8,,Entry: Information|Topic: Information|XRef: Catechism|XRef: doctrine|XRef: 1176 [Inform]|Index: information|#item-aee722ed8,https://stacks.stanford.edu/image/iiif/fm855tg5659%2F1607_0490/full/full/0/default.jpg,300,http://openn.library.upenn.edu/Data/0002/mscodex726/data/thumb/1607_0490_thumb.jpg,"https://stacks.stanford.edu/image/iiif/fm855tg5659%2F1607_0490/287,1456,3069,321/full/0/default.jpg",http://dev.llgc.org.uk/annotation/1508958467984
alpha_301,Volume 2,23,,Inhumanity,Inhumanity,I/J,humanity,,inhumanity,#item-60d045282,,Entry: Inhumanity|Topic: Inhumanity|XRef: humanity|Index: inhumanity|#item-60d045282,https://stacks.stanford.edu/image/iiif/fm855tg5659%2F1607_0490/full/full/0/default.jpg,301,http://openn.library.upenn.edu/Data/0002/mscodex726/data/thumb/1607_0490_thumb.jpg,"https://stacks.stanford.edu/image/iiif/fm855tg5659%2F1607_0490/286,1793,3123,335/full/0/default.jpg",http://dev.llgc.org.uk/annotation/1508958526040
alpha_302,Volume 2,23,,Injustices,Injustices,I/J,Justice|Unjust|Substance|6 [Unjust Substance]|1227 [Injustice],,injustice,#item-fb210324c,,Entry: Injustices|Topic: Injustices|XRef: Justice|XRef: Unjust|XRef: Substance|XRef: 6 [Unjust Substance]|XRef: 1227 [Injustice]|Index: injustice|#item-fb210324c|,https://stacks.stanford.edu/image/iiif/fm855tg5659%2F1607_0490/full/full/0/default.jpg,302,http://openn.library.upenn.edu/Data/0002/mscodex726/data/thumb/1607_0490_thumb.jpg,"https://stacks.stanford.edu/image/iiif/fm855tg5659%2F1607_0490/284,2126,3052,639/full/0/default.jpg",http://dev.llgc.org.uk/annotation/1508958647913
alpha_303,Volume 2,23,,Inn & Innkeeper,Inn & Innkeeper,I/J,201 [Taverns],,inn & innkeeper,#item-223d88960,,Entry: Inn & Innkeeper|Topic: Inn & Innkeeper|XRef: 201 [Taverns]|Index: inn & innkeeper|#item-223d88960,https://stacks.stanford.edu/image/iiif/fm855tg5659%2F1607_0490/full/full/0/default.jpg,303,http://openn.library.upenn.edu/Data/0002/mscodex726/data/thumb/1607_0490_thumb.jpg,"https://stacks.stanford.edu/image/iiif/fm855tg5659%2F1607_0490/295,2783,3047,436/full/0/default.jpg",http://dev.llgc.org.uk/annotation/1508958762877
alpha_304,Volume 2,23,,Innocence,Innocence,I/J,punishm't|761 [],,innocence,#item-21351cd8c,,Entry: Innocence|Topic: Innocence|XRef: punishm't|XRef: 761 []|Index: innocence|#item-21351cd8c,https://stacks.stanford.edu/image/iiif/fm855tg5659%2F1607_0490/full/full/0/default.jpg,304,http://openn.library.upenn.edu/Data/0002/mscodex726/data/thumb/1607_0490_thumb.jpg,"https://stacks.stanford.edu/image/iiif/fm855tg5659%2F1607_0490/314,3228,3036,467/full/0/default.jpg",http://dev.llgc.org.uk/annotation/1508958893224
alpha_305,Volume 2,23,,Inscription,Inscription,I/J,epitaph|motto,,inscriptions,#item-454cfd666,,Entry: Inscription|Topic: Inscription|XRef: epitaph|XRef: motto|Index: inscriptions|#item-454cfd666,https://stacks.stanford.edu/image/iiif/fm855tg5659%2F1607_0490/full/full/0/default.jpg,305,http://openn.library.upenn.edu/Data/0002/mscodex726/data/thumb/1607_0490_thumb.jpg,"https://stacks.stanford.edu/image/iiif/fm855tg5659%2F1607_0490/338,3709,2996,177/full/0/default.jpg",http://dev.llgc.org.uk/annotation/1508958998826
alpha_306,Volume 2,23,,Insensibleness,Insensibleness,I/J,Sense|152 [Insensibleness],,insensibleness,#item-090ffa5e5,,Entry: Insensibleness|Topic: Insensibleness|XRef: Sense|XRef: 152 [Insensibleness]|Index: insensibleness|#item-090ffa5e5|,https://stacks.stanford.edu/image/iiif/fm855tg5659%2F1607_0490/full/full/0/default.jpg,306,http://openn.library.upenn.edu/Data/0002/mscodex726/data/thumb/1607_0490_thumb.jpg,"https://stacks.stanford.edu/image/iiif/fm855tg5659%2F1607_0490/377,4181,2975,315/full/0/default.jpg",http://dev.llgc.org.uk/annotation/1508959423810
alpha_307,Volume 2,23,,Instrument,Instrument,I/J,Cause|means|2378 [Instruments],,instrum't,#item-4818d98ae,,Entry: Instrument|Topic: Instrument|XRef: Cause|XRef: means|XRef: 2378 [Instruments]|Index: instrum't|#item-4818d98ae,https://stacks.stanford.edu/image/iiif/fm855tg5659%2F1607_0490/full/full/0/default.jpg,307,http://openn.library.upenn.edu/Data/0002/mscodex726/data/thumb/1607_0490_thumb.jpg,"https://stacks.stanford.edu/image/iiif/fm855tg5659%2F1607_0490/387,4516,2957,519/full/0/default.jpg",http://dev.llgc.org.uk/annotation/1508959609640
alpha_308,Volume 2,24,,Intemperance,Intemperance,I/J,Temperance|Revelling,,intemperance,#item-adc38b33f,,Entry: Intemperance|Topic: Intemperance|XRef: Temperance|XRef: Revelling|Index: intemperance|#item-adc38b33f,https://stacks.stanford.edu/image/iiif/fm855tg5659%2F1607_0491/full/full/0/default.jpg,308,http://openn.library.upenn.edu/Data/0002/mscodex726/data/thumb/1607_0491_thumb.jpg,"https://stacks.stanford.edu/image/iiif/fm855tg5659%2F1607_0491/798,232,2992,615/full/0/default.jpg",http://dev.llgc.org.uk/annotation/1508959736585
alpha_309,Volume 2,24,,Intention,Intention,I/J,Purpose|1109 [Intention],,intention,#item-cfea063e5,,Entry: Intention|Topic: Intention|XRef: Purpose|XRef: 1109 [Intention]|Index: intention|#item-cfea063e5,https://stacks.stanford.edu/image/iiif/fm855tg5659%2F1607_0491/full/full/0/default.jpg,309,http://openn.library.upenn.edu/Data/0002/mscodex726/data/thumb/1607_0491_thumb.jpg,"https://stacks.stanford.edu/image/iiif/fm855tg5659%2F1607_0491/780,794,3046,396/full/0/default.jpg",http://dev.llgc.org.uk/annotation/1508959790721
alpha_310,Volume 2,24,,Intercession,Intercession,I/J,Meriston|2443 [Intercession],,intercession,#item-d1e0e3d41,,Entry: Intercession|Topic: Intercession|XRef: Meriston|XRef: 2443 [Intercession]|Index: intercession|#item-d1e0e3d41,https://stacks.stanford.edu/image/iiif/fm855tg5659%2F1607_0491/full/full/0/default.jpg,310,http://openn.library.upenn.edu/Data/0002/mscodex726/data/thumb/1607_0491_thumb.jpg,"https://stacks.stanford.edu/image/iiif/fm855tg5659%2F1607_0491/742,1096,2975,469/full/0/default.jpg",http://dev.llgc.org.uk/annotation/1508960073764
alpha_311,Volume 2,24,,Interpretation,Interpretation,I/J,Gloss|923 [Interpretation],,interpretation,#item-d54a87d8f,,Entry: Interpretation|Topic: Interpretation|XRef: Gloss|XRef: 923 [Interpretation]|Index: interpretation|#item-d54a87d8f,https://stacks.stanford.edu/image/iiif/fm855tg5659%2F1607_0491/full/full/0/default.jpg,311,http://openn.library.upenn.edu/Data/0002/mscodex726/data/thumb/1607_0491_thumb.jpg,"https://stacks.stanford.edu/image/iiif/fm855tg5659%2F1607_0491/711,1483,3035,504/full/0/default.jpg",http://dev.llgc.org.uk/annotation/1508960183258
alpha_312,Volume 2,24,,Iron,Iron,I/J,4549 [],,iron,#item-a5dae48ef,,Entry: Iron|Topic: Iron|XRef: 4549 []|Index: iron|#item-a5dae48ef,https://stacks.stanford.edu/image/iiif/fm855tg5659%2F1607_0491/full/full/0/default.jpg,312,http://openn.library.upenn.edu/Data/0002/mscodex726/data/thumb/1607_0491_thumb.jpg,"https://stacks.stanford.edu/image/iiif/fm855tg5659%2F1607_0491/719,3446,3008,275/full/0/default.jpg",http://dev.llgc.org.uk/annotation/1508960594444
alpha_313,Volume 2,24,,Island,Island,I/J,,,island,#item-a2deb4cdb,,Entry: Island|Topic: Island|Index: island|#item-a2deb4cdb,https://stacks.stanford.edu/image/iiif/fm855tg5659%2F1607_0491/full/full/0/default.jpg,313,http://openn.library.upenn.edu/Data/0002/mscodex726/data/thumb/1607_0491_thumb.jpg,"https://stacks.stanford.edu/image/iiif/fm855tg5659%2F1607_0491/735,3194,2970,297/full/0/default.jpg",http://dev.llgc.org.uk/annotation/1508960519730
alpha_314,Volume 2,24,,Italy,Italy,I/J,1379 [Italy],,Italy,#item-d4f2cb8a7,,Entry: Italy|Topic: Italy|XRef: 1379 [Italy]|Index: Italy|#item-d4f2cb8a7,https://stacks.stanford.edu/image/iiif/fm855tg5659%2F1607_0491/full/full/0/default.jpg,314,http://openn.library.upenn.edu/Data/0002/mscodex726/data/thumb/1607_0491_thumb.jpg,"https://stacks.stanford.edu/image/iiif/fm855tg5659%2F1607_0491/698,3683,3026,275/full/0/default.jpg",http://dev.llgc.org.uk/annotation/1508960677934
alpha_315,Volume 2,24,,John the baptist,John the baptist,I/J,,,John Bapt.,#item-ab6a81988,,Entry: John the baptist|Topic: John the baptist|Index: John Bapt.|#item-ab6a81988,https://stacks.stanford.edu/image/iiif/fm855tg5659%2F1607_0491/full/full/0/default.jpg,315,http://openn.library.upenn.edu/Data/0002/mscodex726/data/thumb/1607_0491_thumb.jpg,"https://stacks.stanford.edu/image/iiif/fm855tg5659%2F1607_0491/768,2330,2923,395/full/0/default.jpg",http://dev.llgc.org.uk/annotation/1508960357056
alpha_316,Volume 2,24,,Joy,Joy,I/J,832 [],,joy,#item-63770b4cb,,Entry: Joy|Topic: Joy|XRef: 832 []|Index: joy|#item-63770b4cb,https://stacks.stanford.edu/image/iiif/fm855tg5659%2F1607_0491/full/full/0/default.jpg,316,http://openn.library.upenn.edu/Data/0002/mscodex726/data/thumb/1607_0491_thumb.jpg,"https://stacks.stanford.edu/image/iiif/fm855tg5659%2F1607_0491/708,2662,3043,604/full/0/default.jpg",http://dev.llgc.org.uk/annotation/1508960451871
alpha_317,Volume 2,24,,Judas,Judas,I/J,520 [Judas],,Judas,#item-ad3e5c21a,,Entry: Judas|Topic: Judas|XRef: 520 [Judas]|Index: Judas|#item-ad3e5c21a,https://stacks.stanford.edu/image/iiif/fm855tg5659%2F1607_0491/full/full/0/default.jpg,317,http://openn.library.upenn.edu/Data/0002/mscodex726/data/thumb/1607_0491_thumb.jpg,"https://stacks.stanford.edu/image/iiif/fm855tg5659%2F1607_0491/746,3903,2952,289/full/0/default.jpg",http://dev.llgc.org.uk/annotation/1508960731361
alpha_318,Volume 2,24,,Judge,Judge,I/J,1652 [Judge],,judge,#item-af0b7a605,,Entry: Judge|Topic: Judge|XRef: 1652 [Judge]|Index: judge|#item-af0b7a605,https://stacks.stanford.edu/image/iiif/fm855tg5659%2F1607_0491/full/full/0/default.jpg,318,http://openn.library.upenn.edu/Data/0002/mscodex726/data/thumb/1607_0491_thumb.jpg,"https://stacks.stanford.edu/image/iiif/fm855tg5659%2F1607_0491/760,4147,2931,455/full/0/default.jpg",http://dev.llgc.org.uk/annotation/1508960776302
alpha_319,Volume 2,24,,Judgment,Judgment,I/J,condemnation|1032 [Judgm't],,judgm't,#item-575849230,,Entry: Judgment|Topic: Judgment|XRef: condemnation|XRef: 1032 [Judgm't]|Index: judgm't|#item-575849230,https://stacks.stanford.edu/image/iiif/fm855tg5659%2F1607_0491/full/full/0/default.jpg,319,http://openn.library.upenn.edu/Data/0002/mscodex726/data/thumb/1607_0491_thumb.jpg,"https://stacks.stanford.edu/image/iiif/fm855tg5659%2F1607_0491/731,4549,2964,504/full/0/default.jpg",http://dev.llgc.org.uk/annotation/1508960842630
alpha_320,Volume 2,24,,the Inward man,the Inward man,I/J,2373 [Inward Man],,-man,#item-1400086d0,,Entry: the Inward man|Topic: the Inward man|XRef: 2373 [Inward Man]|Index: -man|#item-1400086d0,https://stacks.stanford.edu/image/iiif/fm855tg5659%2F1607_0491/full/full/0/default.jpg,320,http://openn.library.upenn.edu/Data/0002/mscodex726/data/thumb/1607_0491_thumb.jpg,"https://stacks.stanford.edu/image/iiif/fm855tg5659%2F1607_0491/694,1912,3024,475/full/0/default.jpg",http://dev.llgc.org.uk/annotation/1508960277214
alpha_321,Volume 2,25,,Judgm't of God,Judgm't of God,I/J,1742 [Judgm't of God],,-of God,#item-06d986528,,Entry: Judgm't of God|Topic: Judgm't of God|XRef: 1742 [Judgm't of God]|Index: -of God|#item-06d986528,https://stacks.stanford.edu/image/iiif/fm855tg5659%2F1607_0492/full/full/0/default.jpg,321,http://openn.library.upenn.edu/Data/0002/mscodex726/data/thumb/1607_0492_thumb.jpg,"https://stacks.stanford.edu/image/iiif/fm855tg5659%2F1607_0492/270,254,3085,487/full/0/default.jpg",http://dev.llgc.org.uk/annotation/1508960948944
alpha_322,Volume 2,25,,Justice,Justice,I/J,Equity|Injust.|1366 [Justice],,justice,#item-b2e356724,,Entry: Justice|Topic: Justice|XRef: Equity|XRef: Injust.|XRef: 1366 [Justice]|Index: justice|#item-b2e356724,https://stacks.stanford.edu/image/iiif/fm855tg5659%2F1607_0492/full/full/0/default.jpg,322,http://openn.library.upenn.edu/Data/0002/mscodex726/data/thumb/1607_0492_thumb.jpg,"https://stacks.stanford.edu/image/iiif/fm855tg5659%2F1607_0492/267,766,3081,501/full/0/default.jpg",http://dev.llgc.org.uk/annotation/1508961033633
alpha_323,Volume 2,25,,Justification,Justification,I/J,390 [Justification],,justification,#item-6329b41b8,,Entry: Justification|Topic: Justification|XRef: 390 [Justification]|Index: justification|#item-6329b41b8,https://stacks.stanford.edu/image/iiif/fm855tg5659%2F1607_0492/full/full/0/default.jpg,323,http://openn.library.upenn.edu/Data/0002/mscodex726/data/thumb/1607_0492_thumb.jpg,"https://stacks.stanford.edu/image/iiif/fm855tg5659%2F1607_0492/253,1303,3138,682/full/0/default.jpg",http://dev.llgc.org.uk/annotation/1508961225250
alpha_324,Volume 2,25,,Key,Key,K,1294 [Keys],,key,#item-15f09a22f,,Entry: Key|Topic: Key|XRef: 1294 [Keys]|Index: key|#item-15f09a22f,https://stacks.stanford.edu/image/iiif/fm855tg5659%2F1607_0492/full/full/0/default.jpg,324,http://openn.library.upenn.edu/Data/0002/mscodex726/data/thumb/1607_0492_thumb.jpg,"https://stacks.stanford.edu/image/iiif/fm855tg5659%2F1607_0492/279,1983,3060,314/full/0/default.jpg",http://dev.llgc.org.uk/annotation/1508961323682
alpha_325,Volume 2,25,,King,King,K,Prince|Monarchy|1207 [King],,king,#item-a083a8567,,Entry: King|Topic: King|XRef: Prince|XRef: Monarchy|XRef: 1207 [King]|Index: king|#item-a083a8567,https://stacks.stanford.edu/image/iiif/fm855tg5659%2F1607_0492/full/full/0/default.jpg,325,http://openn.library.upenn.edu/Data/0002/mscodex726/data/thumb/1607_0492_thumb.jpg,"https://stacks.stanford.edu/image/iiif/fm855tg5659%2F1607_0492/308,2295,3062,422/full/0/default.jpg",http://dev.llgc.org.uk/annotation/1508961408325
alpha_326,Volume 2,25,,Kingdom of God,Kingdom of God,K,906 [Kingdom],,-dom of God,#item-7bb39ac95,,Entry: Kingdom of God|Topic: Kingdom of God|XRef: 906 [Kingdom]|Index: -dom of God|#item-7bb39ac95,https://stacks.stanford.edu/image/iiif/fm855tg5659%2F1607_0492/full/full/0/default.jpg,326,http://openn.library.upenn.edu/Data/0002/mscodex726/data/thumb/1607_0492_thumb.jpg,"https://stacks.stanford.edu/image/iiif/fm855tg5659%2F1607_0492/320,2730,3005,474/full/0/default.jpg",http://dev.llgc.org.uk/annotation/1508961480252
alpha_327,Volume 2,25,,Kings evil,Kings evil,K,2201 [King's evil],,-s Evil,#item-434846485,,Entry: Kings evil|Topic: Kings evil|XRef: 2201 [King's evil]|Index: -s Evil|#item-434846485,https://stacks.stanford.edu/image/iiif/fm855tg5659%2F1607_0492/full/full/0/default.jpg,327,http://openn.library.upenn.edu/Data/0002/mscodex726/data/thumb/1607_0492_thumb.jpg,"https://stacks.stanford.edu/image/iiif/fm855tg5659%2F1607_0492/337,3214,3011,259/full/0/default.jpg",http://dev.llgc.org.uk/annotation/1508961569471
alpha_328,Volume 2,25,,Kiss,Kiss,K,1905 [Kissing],,kiss,#item-5ebdc777a,,Entry: Kiss|Topic: Kiss|XRef: 1905 [Kissing]|Index: kiss|#item-5ebdc777a,https://stacks.stanford.edu/image/iiif/fm855tg5659%2F1607_0492/full/full/0/default.jpg,328,http://openn.library.upenn.edu/Data/0002/mscodex726/data/thumb/1607_0492_thumb.jpg,"https://stacks.stanford.edu/image/iiif/fm855tg5659%2F1607_0492/345,3482,3033,497/full/0/default.jpg",http://dev.llgc.org.uk/annotation/1508961644753
alpha_329,Volume 2,25,,Kneeling,Kneeling,K,,,kneeling,#item-b9d62fe60,,Entry: Kneeling|Topic: Kneeling|Index: kneeling|#item-b9d62fe60,https://stacks.stanford.edu/image/iiif/fm855tg5659%2F1607_0492/full/full/0/default.jpg,329,http://openn.library.upenn.edu/Data/0002/mscodex726/data/thumb/1607_0492_thumb.jpg,"https://stacks.stanford.edu/image/iiif/fm855tg5659%2F1607_0492/363,3989,3006,314/full/0/default.jpg",http://dev.llgc.org.uk/annotation/1508961693522
alpha_330,Volume 2,25,,Knowledge,Knowledge,K,Ignorance|Skill|Unknown|185 [Knowledge]|455 [Self-profit],,knowledge,#item-90ec2f469,,Entry: Knowledge|Topic: Knowledge|XRef: Ignorance|XRef: Skill|XRef: Unknown|XRef: 185 [Knowledge]|XRef: 455 [Self-profit]|Index: knowledge|#item-90ec2f469,https://stacks.stanford.edu/image/iiif/fm855tg5659%2F1607_0492/full/full/0/default.jpg,330,http://openn.library.upenn.edu/Data/0002/mscodex726/data/thumb/1607_0492_thumb.jpg,"https://stacks.stanford.edu/image/iiif/fm855tg5659%2F1607_0492/384,4445,2990,646/full/0/default.jpg",http://dev.llgc.org.uk/annotation/1508961835783
alpha_448,Volume 2,35,,Nakedness,Nakedness,N,499,,nakedness,#item-b18c4100d,,Entry: Nakedness|Topic: Nakedness|Xref: 499|Index: nakedness|#item-b18c4100d,https://stacks.stanford.edu/image/iiif/fm855tg5659%2F1607_0502/full/full/0/default.jpg,448,http://openn.library.upenn.edu/Data/0002/mscodex726/data/thumb/1607_0502_thumb.jpg,"https://stacks.stanford.edu/image/iiif/fm855tg5659%2F1607_0502/298,777,3058,393/full/0/default.jpg",http://dev.llgc.org.uk/annotation/1509735477482
alpha_449,Volume 2,35,,Name,Name,N,254,,name,#item-9c1a90cef,,Entry: Name|Topic: Name|Xref: 254|Index: name|#item-9c1a90cef,https://stacks.stanford.edu/image/iiif/fm855tg5659%2F1607_0502/full/full/0/default.jpg,449,http://openn.library.upenn.edu/Data/0002/mscodex726/data/thumb/1607_0502_thumb.jpg,"https://stacks.stanford.edu/image/iiif/fm855tg5659%2F1607_0502/318,1172,3019,300/full/0/default.jpg",http://dev.llgc.org.uk/annotation/1509737103207
alpha_450,Volume 2,35,,Name of God,Name of God,N,1944,,-of God,#item-e00d8e332,,Entry: Name of God|Topic: Name of God|Xref: 1944|Index: -of God|#item-e00d8e332,https://stacks.stanford.edu/image/iiif/fm855tg5659%2F1607_0502/full/full/0/default.jpg,450,http://openn.library.upenn.edu/Data/0002/mscodex726/data/thumb/1607_0502_thumb.jpg,"https://stacks.stanford.edu/image/iiif/fm855tg5659%2F1607_0502/307,1398,3047,468/full/0/default.jpg",http://dev.llgc.org.uk/annotation/1509737213731
alpha_451,Volume 2,35,,Nativity,Nativity,N,,,Index:,#item-688fe48b3,,Entry: Nativity|Topic: Nativity|Index:|#item-688fe48b3,https://stacks.stanford.edu/image/iiif/fm855tg5659%2F1607_0502/full/full/0/default.jpg,451,http://openn.library.upenn.edu/Data/0002/mscodex726/data/thumb/1607_0502_thumb.jpg,"https://stacks.stanford.edu/image/iiif/fm855tg5659%2F1607_0502/329,1834,3003,257/full/0/default.jpg",http://dev.llgc.org.uk/annotation/1510163446455
alpha_452,Volume 2,35,,Natural,Natural,N,1086|Old Adam,,natural,#item-ce551c783,,Entry: Natural|Topic: Natural|Xref: 1086|Xref: Old Adam|Index: natural|#item-ce551c783|,https://stacks.stanford.edu/image/iiif/fm855tg5659%2F1607_0502/full/full/0/default.jpg,452,http://openn.library.upenn.edu/Data/0002/mscodex726/data/thumb/1607_0502_thumb.jpg,"https://stacks.stanford.edu/image/iiif/fm855tg5659%2F1607_0502/339,2087,2959,402/full/0/default.jpg",http://dev.llgc.org.uk/annotation/1510163587615
alpha_453,Volume 2,35,,Natural Philosophy,Natural Philosophy,N,1543,,-philosophy,#item-6aa80fade,,Entry: Natural Philosophy|Topic: Natural Philosophy|Xref: 1543|Index: -philosophy|#item-6aa80fade,https://stacks.stanford.edu/image/iiif/fm855tg5659%2F1607_0502/full/full/0/default.jpg,453,http://openn.library.upenn.edu/Data/0002/mscodex726/data/thumb/1607_0502_thumb.jpg,"https://stacks.stanford.edu/image/iiif/fm855tg5659%2F1607_0502/354,2455,2955,363/full/0/default.jpg",http://dev.llgc.org.uk/annotation/1510163681620
alpha_454,Volume 2,35,,Nature,Nature,N,1663|Xref:,,nature,#item-ced0ebdf8,,Entry: Nature|Topic: Nature|Xref: 1663|Xref: |Index: nature|#item-ced0ebdf8,https://stacks.stanford.edu/image/iiif/fm855tg5659%2F1607_0502/full/full/0/default.jpg,454,http://openn.library.upenn.edu/Data/0002/mscodex726/data/thumb/1607_0502_thumb.jpg,"https://stacks.stanford.edu/image/iiif/fm855tg5659%2F1607_0502/337,2763,3008,507/full/0/default.jpg",http://dev.llgc.org.uk/annotation/1510167167173
alpha_455,Volume 2,35,,Naughtiness,Naughtiness,N,Malignity|Wickedness|1932,,naughtiness,#item-c20a79fcf,,Entry: Naughtiness|Topic: Naughtiness|Xref: Malignity|Xref: Wickedness|Xref: 1932|Index: naughtiness|#item-c20a79fcf,https://stacks.stanford.edu/image/iiif/fm855tg5659%2F1607_0502/full/full/0/default.jpg,455,http://openn.library.upenn.edu/Data/0002/mscodex726/data/thumb/1607_0502_thumb.jpg,"https://stacks.stanford.edu/image/iiif/fm855tg5659%2F1607_0502/337,3223,2979,447/full/0/default.jpg",http://dev.llgc.org.uk/annotation/1510169662283
alpha_456,Volume 2,35,,Navigation,Navigation,N,848,,navigation,#item-6aee1c497,,Entry: Navigation|Topic: Navigation|Xref: 848|Index: navigation|#item-6aee1c497,https://stacks.stanford.edu/image/iiif/fm855tg5659%2F1607_0502/full/full/0/default.jpg,456,http://openn.library.upenn.edu/Data/0002/mscodex726/data/thumb/1607_0502_thumb.jpg,"https://stacks.stanford.edu/image/iiif/fm855tg5659%2F1607_0502/346,3633,2967,400/full/0/default.jpg",http://dev.llgc.org.uk/annotation/1510169756053
alpha_457,Volume 2,35,,Necessity,Necessity,N,Want|918,,necessity,#item-5daffe223,,Entry: Necessity|Topic: Necessity|Xref: Want|Xref: 918|Index: necessity|#item-5daffe223,https://stacks.stanford.edu/image/iiif/fm855tg5659%2F1607_0502/full/full/0/default.jpg,457,http://openn.library.upenn.edu/Data/0002/mscodex726/data/thumb/1607_0502_thumb.jpg,"https://stacks.stanford.edu/image/iiif/fm855tg5659%2F1607_0502/346,3993,2974,409/full/0/default.jpg",http://dev.llgc.org.uk/annotation/1510169815531
alpha_458,Volume 2,36,,Neighbour,Neighbour,N,love of our neighbour|4617 [],,neighbour,#item-54616bebe,,Entry: Neighbour|Topic: Neighbour|Xref: love of our neighbour|Xref: 4617 []|Index: neighbour|#item-54616bebe,https://stacks.stanford.edu/image/iiif/fm855tg5659%2F1607_0503/full/full/0/default.jpg,458,http://openn.library.upenn.edu/Data/0002/mscodex726/data/thumb/1607_0503_thumb.jpg,"https://stacks.stanford.edu/image/iiif/fm855tg5659%2F1607_0503/775,228,3035,568/full/0/default.jpg",http://dev.llgc.org.uk/annotation/1513195632899
alpha_459,Volume 2,36,,Neutrality,Neutrality,N,Impartiality|Indifference|357 [Neutrality],,neutrality,#item-323b2f38d,,Entry: Neutrality|Topic: Neutrality|Xref: Impartiality|Xref: Indifference|Xref: 357 [Neutrality]|Index: neutrality|#item-323b2f38d,https://stacks.stanford.edu/image/iiif/fm855tg5659%2F1607_0503/full/full/0/default.jpg,459,http://openn.library.upenn.edu/Data/0002/mscodex726/data/thumb/1607_0503_thumb.jpg,"https://stacks.stanford.edu/image/iiif/fm855tg5659%2F1607_0503/772,687,3022,484/full/0/default.jpg",http://dev.llgc.org.uk/annotation/1513196418266
alpha_460,Volume 2,36,,New,New,N,Novelty|656 [Arrival],,new,#item-df0d21a9b,,Entry: New|Topic: New|Xref: Novelty|Xref: 656 [Arrival]|Index: new|#item-df0d21a9b,https://stacks.stanford.edu/image/iiif/fm855tg5659%2F1607_0503/full/full/0/default.jpg,460,http://openn.library.upenn.edu/Data/0002/mscodex726/data/thumb/1607_0503_thumb.jpg,"https://stacks.stanford.edu/image/iiif/fm855tg5659%2F1607_0503/806,1079,2971,474/full/0/default.jpg",http://dev.llgc.org.uk/annotation/1513267859905
alpha_461,Volume 2,36,,News,News,N,Report|1252 [Gainful],,news,#item-9f38763ad,,Entry: News|Topic: News|Xref: Report|Xref: 1252 [Gainful]|Index: news|#item-9f38763ad,https://stacks.stanford.edu/image/iiif/fm855tg5659%2F1607_0503/full/full/0/default.jpg,461,http://openn.library.upenn.edu/Data/0002/mscodex726/data/thumb/1607_0503_thumb.jpg,"https://stacks.stanford.edu/image/iiif/fm855tg5659%2F1607_0503/769,1494,2990,345/full/0/default.jpg",http://dev.llgc.org.uk/annotation/1513268255793
alpha_462,Volume 2,36,,Night,Night,N,1131 [Night],,night,#item-1399c5577,,Entry: Night|Topic: Night|Xref: 1131 [Night]|Index: night|#item-1399c5577,https://stacks.stanford.edu/image/iiif/fm855tg5659%2F1607_0503/full/full/0/default.jpg,462,http://openn.library.upenn.edu/Data/0002/mscodex726/data/thumb/1607_0503_thumb.jpg,"https://stacks.stanford.edu/image/iiif/fm855tg5659%2F1607_0503/820,1801,2944,355/full/0/default.jpg",http://dev.llgc.org.uk/annotation/1513268458127
alpha_463,Volume 2,36,,Nobility,Nobility,N,ignoble|193 [Nobility],,nobility,#item-e6dc7a754,,Entry: Nobility|Topic: Nobility|Xref: ignoble|Xref: 193 [Nobility]|Index: nobility|#item-e6dc7a754,https://stacks.stanford.edu/image/iiif/fm855tg5659%2F1607_0503/full/full/0/default.jpg,463,http://openn.library.upenn.edu/Data/0002/mscodex726/data/thumb/1607_0503_thumb.jpg,"https://stacks.stanford.edu/image/iiif/fm855tg5659%2F1607_0503/814,2089,2930,430/full/0/default.jpg",http://dev.llgc.org.uk/annotation/1513274141573
alpha_464,Volume 2,36,,Nose,Nose,N,2123 [Nose],,nose,#item-79d524cfa,,Entry: Nose|Topic: Nose|Xref: 2123 [Nose]|Index: nose|#item-79d524cfa,https://stacks.stanford.edu/image/iiif/fm855tg5659%2F1607_0503/full/full/0/default.jpg,464,http://openn.library.upenn.edu/Data/0002/mscodex726/data/thumb/1607_0503_thumb.jpg,"https://stacks.stanford.edu/image/iiif/fm855tg5659%2F1607_0503/806,2484,2971,338/full/0/default.jpg",http://dev.llgc.org.uk/annotation/1513274353789
alpha_465,Volume 2,36,,Nothing,Nothing,N,1638 [Nothing],,nothing,#item-1e3912914,,Entry: Nothing|Topic: Nothing|Xref: 1638 [Nothing]|Index: nothing|#item-1e3912914,https://stacks.stanford.edu/image/iiif/fm855tg5659%2F1607_0503/full/full/0/default.jpg,465,http://openn.library.upenn.edu/Data/0002/mscodex726/data/thumb/1607_0503_thumb.jpg,"https://stacks.stanford.edu/image/iiif/fm855tg5659%2F1607_0503/801,2751,2969,391/full/0/default.jpg",http://dev.llgc.org.uk/annotation/1513275549586
alpha_466,Volume 2,36,,Novelty,Novelty,N,Curiosity|524 [Novelty],,novelty,#item-541931440,,Entry: Novelty|Topic: Novelty|Xref: Curiosity|Xref: 524 [Novelty]|Index: novelty|#item-541931440,https://stacks.stanford.edu/image/iiif/fm855tg5659%2F1607_0503/full/full/0/default.jpg,466,http://openn.library.upenn.edu/Data/0002/mscodex726/data/thumb/1607_0503_thumb.jpg,"https://stacks.stanford.edu/image/iiif/fm855tg5659%2F1607_0503/788,3070,2974,432/full/0/default.jpg",http://dev.llgc.org.uk/annotation/1513275694885
alpha_467,Volume 2,36,,Nun,Nun,N,Cloister,,nun,#item-fdb9a60d2,,Entry: Nun|Topic: Nun|Xref: Cloister|Index: nun|#item-fdb9a60d2,https://stacks.stanford.edu/image/iiif/fm855tg5659%2F1607_0503/full/full/0/default.jpg,467,http://openn.library.upenn.edu/Data/0002/mscodex726/data/thumb/1607_0503_thumb.jpg,"https://stacks.stanford.edu/image/iiif/fm855tg5659%2F1607_0503/780,3441,2999,245/full/0/default.jpg",http://dev.llgc.org.uk/annotation/1513275774132
alpha_468,Volume 2,36,,Nut,Nut,N,1937,,nut,#item-b1b448436,,Entry: Nut|Topic: Nut|Xref: 1937|Index: nut|#item-b1b448436,https://stacks.stanford.edu/image/iiif/fm855tg5659%2F1607_0503/full/full/0/default.jpg,468,http://openn.library.upenn.edu/Data/0002/mscodex726/data/thumb/1607_0503_thumb.jpg,"https://stacks.stanford.edu/image/iiif/fm855tg5659%2F1607_0503/801,3646,2912,343/full/0/default.jpg",http://dev.llgc.org.uk/annotation/1513276333811
