pid,volume,image_number,head,entry,topic,first_letter,page,add,xref,see,index,item,unparsed,line,selection,full_image,annotation_uri,sort_value,insertion,thumbnail,label,location,issue,also_in_entry
num_3484,Volume 2,439,,4791,[WORD_MISSING],4776-4800,,,,,<a href='/digital-beehive/index5/index_4698/'>pin money</a>,#item-27dc3796d,,Entry: 4791|Topic: [WORD_MISSING]|Index: pin money|#item-27dc3796d,"https://stacks.stanford.edu/image/iiif/fm855tg5659/1607_0906/420,213,2830,324/full/0/default.jpg",https://stacks.stanford.edu/image/iiif/fm855tg5659/1607_0906/full/full/0/default.jpg,http://beehive-anno.library.upenn.edu/annotation/1680282080400,243910213,,"https://stacks.stanford.edu/image/iiif/fm855tg5659/1607_0906/420,213,600,180/250,/0/default.jpg",4791. [WORD_MISSING],<a href='/digital-beehive/toc/toc2_429/'>Full Page</a>,The entry number and topic are illegible due to damage. We have labeled this entry with the logical number in the sequence.,
num_3485,Volume 2,439,,4792,English form of Governmt,4776-4800,,,<a href='/digital-beehive/alpha2/alpha_0286/'>England</a>,,<a href='/digital-beehive/index2/index_1257/'>English government</a>,#item-14b521fe2,,Entry: 4792|Topic: English form of Governmt|Xref: England|Index: English government|#item-14b521fe2,"https://stacks.stanford.edu/image/iiif/fm855tg5659/1607_0906/467,529,1794,272/full/0/default.jpg",https://stacks.stanford.edu/image/iiif/fm855tg5659/1607_0906/full/full/0/default.jpg,http://beehive-anno.library.upenn.edu/annotation/1680282700183,243910529,,"https://stacks.stanford.edu/image/iiif/fm855tg5659/1607_0906/467,529,600,180/250,/0/default.jpg",4792. English form of Governmt,<a href='/digital-beehive/toc/toc2_429/'>Full Page</a>,,
num_3486,Volume 2,439,,4793,Action,4776-4800,,,,,<a href='/digital-beehive/index1/index_0038/'>action</a>,#item-960220419,,Entry: 4793|Topic: Action|Index: action|#item-960220419,"https://stacks.stanford.edu/image/iiif/fm855tg5659/1607_0906/472,1064,2820,238/full/0/default.jpg",https://stacks.stanford.edu/image/iiif/fm855tg5659/1607_0906/full/full/0/default.jpg,http://beehive-anno.library.upenn.edu/annotation/1680282761645,243911064,,"https://stacks.stanford.edu/image/iiif/fm855tg5659/1607_0906/472,1064,600,180/250,/0/default.jpg",4793. Action,<a href='/digital-beehive/toc/toc2_429/'>Full Page</a>,,
num_3487,Volume 2,439,,4794,Apothecary,4776-4800,,,,,<a href='/digital-beehive/index1/index_0172/'>apothecary</a>,#item-598c82e6e,,Entry: 4794|Topic: Apothecary|Index: apothecary|#item-598c82e6e,"https://stacks.stanford.edu/image/iiif/fm855tg5659/1607_0906/467,1520,1414,227/full/0/default.jpg",https://stacks.stanford.edu/image/iiif/fm855tg5659/1607_0906/full/full/0/default.jpg,http://beehive-anno.library.upenn.edu/annotation/1680282794430,243911520,,"https://stacks.stanford.edu/image/iiif/fm855tg5659/1607_0906/467,1520,600,180/250,/0/default.jpg",4794. Apothecary,<a href='/digital-beehive/toc/toc2_429/'>Full Page</a>,,
num_3488,Volume 2,439,,4795,Argus,4776-4800,,,,,<a href='/digital-beehive/index1/index_0200/'>argus</a>,#item-8699dce2f,,Entry: 4795|Topic: Argus|Index: argus|#item-8699dce2f,"https://stacks.stanford.edu/image/iiif/fm855tg5659/1607_0906/490,2006,2662,194/full/0/default.jpg",https://stacks.stanford.edu/image/iiif/fm855tg5659/1607_0906/full/full/0/default.jpg,http://beehive-anno.library.upenn.edu/annotation/1680282820760,243912006,,"https://stacks.stanford.edu/image/iiif/fm855tg5659/1607_0906/490,2006,600,180/250,/0/default.jpg",4795. Argus,<a href='/digital-beehive/toc/toc2_429/'>Full Page</a>,,
num_3489,Volume 2,439,,4796,Lully's,4776-4800,,,,,<a href='/digital-beehive/index3/index_2365/'>Lully</a>,#item-8e2b7b994,,Entry: 4796|Topic: Lully's|Index: Lully|#item-8e2b7b994,"https://stacks.stanford.edu/image/iiif/fm855tg5659/1607_0906/492,2464,1504,227/full/0/default.jpg",https://stacks.stanford.edu/image/iiif/fm855tg5659/1607_0906/full/full/0/default.jpg,http://beehive-anno.library.upenn.edu/annotation/1680282860960,243912464,,"https://stacks.stanford.edu/image/iiif/fm855tg5659/1607_0906/492,2464,600,180/250,/0/default.jpg",4796. Lully's,<a href='/digital-beehive/toc/toc2_429/'>Full Page</a>,,<a href='/digital-beehive/num11/num_3490/'>Bouhours</a>
num_3490,Volume 2,439,,4796,Bouhours,4776-4800,,,,,<a href='/digital-beehive/index1/index_0423/'>bouhours</a>,#item-2223cc658,,Entry: 4796|Topic: Bouhours|Index: bouhours|#item-2223cc658,"https://stacks.stanford.edu/image/iiif/fm855tg5659/1607_0906/472,2650,1710,168/full/0/default.jpg",https://stacks.stanford.edu/image/iiif/fm855tg5659/1607_0906/full/full/0/default.jpg,http://beehive-anno.library.upenn.edu/annotation/1680282892296,243912650,,"https://stacks.stanford.edu/image/iiif/fm855tg5659/1607_0906/472,2650,600,180/250,/0/default.jpg",4796. Bouhours,<a href='/digital-beehive/toc/toc2_429/'>Full Page</a>,,<a href='/digital-beehive/num11/num_3489/'>Lully's</a>
num_3491,Volume 2,439,,4797,Advertisemts,4776-4800,,,,,<a href='/digital-beehive/index1/index_0050/'>advertisemts</a>,#item-4d12127f0,,Entry: 4797|Topic: Advertisemts|Index: advertisemts|#item-4d12127f0,"https://stacks.stanford.edu/image/iiif/fm855tg5659/1607_0906/450,2950,2829,223/full/0/default.jpg",https://stacks.stanford.edu/image/iiif/fm855tg5659/1607_0906/full/full/0/default.jpg,http://beehive-anno.library.upenn.edu/annotation/1680282942361,243912950,,"https://stacks.stanford.edu/image/iiif/fm855tg5659/1607_0906/450,2950,600,180/250,/0/default.jpg",4797. Advertisemts,<a href='/digital-beehive/toc/toc2_429/'>Full Page</a>,,
num_3492,Volume 2,439,,4798,Portugal,4776-4800,,,,,<a href='/digital-beehive/index4/index_3078/'>portugal</a>,#item-25df802ef,,Entry: 4798|Topic: Portugal|Index: portugal|#item-25df802ef,"https://stacks.stanford.edu/image/iiif/fm855tg5659/1607_0906/445,3331,2850,268/full/0/default.jpg",https://stacks.stanford.edu/image/iiif/fm855tg5659/1607_0906/full/full/0/default.jpg,http://beehive-anno.library.upenn.edu/annotation/1680283003218,243913331,,"https://stacks.stanford.edu/image/iiif/fm855tg5659/1607_0906/445,3331,600,180/250,/0/default.jpg",4798. Portugal,<a href='/digital-beehive/toc/toc2_429/'>Full Page</a>,,
num_3493,Volume 2,439,,4799,Genius,4776-4800,,,,,<a href='/digital-beehive/index2/index_1595/'>genius</a>,#item-ba85eb0fb,,Entry: 4799|Topic: Genius|Index: genius|#item-ba85eb0fb,"https://stacks.stanford.edu/image/iiif/fm855tg5659/1607_0906/440,3786,2911,567/full/0/default.jpg",https://stacks.stanford.edu/image/iiif/fm855tg5659/1607_0906/full/full/0/default.jpg,http://beehive-anno.library.upenn.edu/annotation/1680283042530,243913786,,"https://stacks.stanford.edu/image/iiif/fm855tg5659/1607_0906/440,3786,600,180/250,/0/default.jpg",4799. Genius,<a href='/digital-beehive/toc/toc2_429/'>Full Page</a>,,
num_3494,Volume 2,439,,4800,Dr Burnet,4776-4800,,,,,<a href='/digital-beehive/index1/index_0486/'>Dr Burnet</a>,#item-580947632,,Entry: 4800|Topic: Dr Burnet|Index: Dr Burnet|#item-580947632,"https://stacks.stanford.edu/image/iiif/fm855tg5659/1607_0906/427,4341,2233,225/full/0/default.jpg",https://stacks.stanford.edu/image/iiif/fm855tg5659/1607_0906/full/full/0/default.jpg,http://beehive-anno.library.upenn.edu/annotation/1680283091562,243914341,,"https://stacks.stanford.edu/image/iiif/fm855tg5659/1607_0906/427,4341,600,180/250,/0/default.jpg",4800. Dr Burnet,<a href='/digital-beehive/toc/toc2_429/'>Full Page</a>,,
num_3495,Volume 2,440,,4801,[WORD_MISSING],4801-4825,,,,,<a href='/digital-beehive/index3/index_2065/'>to inspect</a>,#item-bccf931c0,,Entry: 4801|Topic: [WORD_MISSING]|Index: to inspect|#item-bccf931c0,"https://stacks.stanford.edu/image/iiif/fm855tg5659/1607_0907/868,260,2787,159/full/0/default.jpg",https://stacks.stanford.edu/image/iiif/fm855tg5659/1607_0907/full/full/0/default.jpg,http://beehive-anno.library.upenn.edu/annotation/1680283154098,244010260,,"https://stacks.stanford.edu/image/iiif/fm855tg5659/1607_0907/868,260,600,180/250,/0/default.jpg",4801. [WORD_MISSING],<a href='/digital-beehive/toc/toc2_430/'>Full Page</a>,The entry number and topic are illegible due to damage. We have labeled this entry with the logical number in the sequence.,
num_3496,Volume 2,440,,4802,Chevy chase,4801-4825,,,,,<a href='/digital-beehive/index1/index_0625/'>chevy-chase</a>,#item-a2f7b2295,,Entry: 4802|Topic: Chevy chase|Index: chevy-chase|#item-a2f7b2295,"https://stacks.stanford.edu/image/iiif/fm855tg5659/1607_0907/803,666,2725,172/full/0/default.jpg",https://stacks.stanford.edu/image/iiif/fm855tg5659/1607_0907/full/full/0/default.jpg,http://beehive-anno.library.upenn.edu/annotation/1680283231069,244010666,,"https://stacks.stanford.edu/image/iiif/fm855tg5659/1607_0907/803,666,600,180/250,/0/default.jpg",4802. Chevy chase,<a href='/digital-beehive/toc/toc2_430/'>Full Page</a>,,<a href='/digital-beehive/num11/num_3497/'>Abr. Cowley</a>
num_3497,Volume 2,440,,4802,Abr. Cowley,4801-4825,<a href='/digital-beehive/toc/toc1_113/'>p.59.2 [Image 1.124]</a>,,,,<a href='/digital-beehive/index1/index_0888/'>cowley</a>,#item-64075b673,,Entry: 4802|Topic: Abr. Cowley|Page: p.59.2 [Image 1.124]|Index: cowley|#item-64075b673,"https://stacks.stanford.edu/image/iiif/fm855tg5659/1607_0907/823,753,2673,242/full/0/default.jpg",https://stacks.stanford.edu/image/iiif/fm855tg5659/1607_0907/full/full/0/default.jpg,http://beehive-anno.library.upenn.edu/annotation/1680283412305,244010753,,"https://stacks.stanford.edu/image/iiif/fm855tg5659/1607_0907/823,753,600,180/250,/0/default.jpg",4802. Abr. Cowley,<a href='/digital-beehive/toc/toc2_430/'>Full Page</a>,,<a href='/digital-beehive/num11/num_3496/'>Chevy chase</a>
num_3498,Volume 2,440,,4803,Coxcombs,4801-4825,,,,,<a href='/digital-beehive/index1/index_0890/'>coxcombs</a>,#item-f3e61de47,,Entry: 4803|Topic: Coxcombs|Index: coxcombs|#item-f3e61de47,"https://stacks.stanford.edu/image/iiif/fm855tg5659/1607_0907/846,1083,1685,180/full/0/default.jpg",https://stacks.stanford.edu/image/iiif/fm855tg5659/1607_0907/full/full/0/default.jpg,http://beehive-anno.library.upenn.edu/annotation/1680283568161,244011083,,"https://stacks.stanford.edu/image/iiif/fm855tg5659/1607_0907/846,1083,600,180/250,/0/default.jpg",4803. Coxcombs,<a href='/digital-beehive/toc/toc2_430/'>Full Page</a>,"The Octavo Index entry for ""coxcombs"" mistakenly lists 1803. Pastorius likely meant to list this entry.",
num_3499,Volume 2,440,,4804,Parrot,4801-4825,,,,,<a href='/digital-beehive/index4/index_2890/'>parrot</a>,#item-72d68d56d,,Entry: 4804|Topic: Parrot|Index: parrot|#item-72d68d56d,"https://stacks.stanford.edu/image/iiif/fm855tg5659/1607_0907/785,1529,2737,239/full/0/default.jpg",https://stacks.stanford.edu/image/iiif/fm855tg5659/1607_0907/full/full/0/default.jpg,http://beehive-anno.library.upenn.edu/annotation/1680283641920,244011529,,"https://stacks.stanford.edu/image/iiif/fm855tg5659/1607_0907/785,1529,600,180/250,/0/default.jpg",4804. Parrot,<a href='/digital-beehive/toc/toc2_430/'>Full Page</a>,,
num_3500,Volume 2,440,,4805,Arist[ae]netus,4801-4825,,,,,<a href='/digital-beehive/index1/index_0202/'>aristaenetus</a>,#item-99b58c948,,Entry: 4805|Topic: Arist[ae]netus|Index: aristaenetus|#item-99b58c948,"https://stacks.stanford.edu/image/iiif/fm855tg5659/1607_0907/845,2098,2427,198/full/0/default.jpg",https://stacks.stanford.edu/image/iiif/fm855tg5659/1607_0907/full/full/0/default.jpg,http://beehive-anno.library.upenn.edu/annotation/1680283979621,244012098,,"https://stacks.stanford.edu/image/iiif/fm855tg5659/1607_0907/845,2098,600,180/250,/0/default.jpg",4805. Arist[ae]netus,<a href='/digital-beehive/toc/toc2_430/'>Full Page</a>,,
num_3501,Volume 2,440,,4806,Coquets,4801-4825,,,,,<a href='/digital-beehive/index1/index_0845/'>coquets</a>|<a href='/digital-beehive/index2/index_1543/'>fribler</a>,#item-23926345a,,Entry: 4806|Topic: Coquets|Index: coquets|Index: fribler|#item-23926345a,"https://stacks.stanford.edu/image/iiif/fm855tg5659/1607_0907/822,2501,2708,245/full/0/default.jpg",https://stacks.stanford.edu/image/iiif/fm855tg5659/1607_0907/full/full/0/default.jpg,http://beehive-anno.library.upenn.edu/annotation/1680284036011,244012501,,"https://stacks.stanford.edu/image/iiif/fm855tg5659/1607_0907/822,2501,600,180/250,/0/default.jpg",4806. Coquets,<a href='/digital-beehive/toc/toc2_430/'>Full Page</a>,,
num_3502,Volume 2,440,,4807,Annihilation,4801-4825,,,,,<a href='/digital-beehive/index1/index_0149/'>annihilation</a>,#item-701c3ff39,,Entry: 4807|Topic: Annihilation|Index: annihilation|#item-701c3ff39,"https://stacks.stanford.edu/image/iiif/fm855tg5659/1607_0907/836,2983,1941,192/full/0/default.jpg",https://stacks.stanford.edu/image/iiif/fm855tg5659/1607_0907/full/full/0/default.jpg,http://beehive-anno.library.upenn.edu/annotation/1680284115622,244012983,,"https://stacks.stanford.edu/image/iiif/fm855tg5659/1607_0907/836,2983,600,180/250,/0/default.jpg",4807. Annihilation,<a href='/digital-beehive/toc/toc2_430/'>Full Page</a>,,
num_3503,Volume 2,440,,4808,Parricide,4801-4825,,,,,<a href='/digital-beehive/index4/index_2888/'>parricide</a>,#item-51293052b,,Entry: 4808|Topic: Parricide|Index: parricide|#item-51293052b,"https://stacks.stanford.edu/image/iiif/fm855tg5659/1607_0907/844,3301,2710,243/full/0/default.jpg",https://stacks.stanford.edu/image/iiif/fm855tg5659/1607_0907/full/full/0/default.jpg,http://beehive-anno.library.upenn.edu/annotation/1680284188328,244013301,,"https://stacks.stanford.edu/image/iiif/fm855tg5659/1607_0907/844,3301,600,180/250,/0/default.jpg",4808. Parricide,<a href='/digital-beehive/toc/toc2_430/'>Full Page</a>,,
num_3504,Volume 2,440,,4809,Church yard,4801-4825,,,,,<a href='/digital-beehive/index1/index_0663/'>church yard</a>,#item-374e52643,,Entry: 4809|Topic: Church yard|Index: church yard|#item-374e52643,"https://stacks.stanford.edu/image/iiif/fm855tg5659/1607_0907/866,3733,1606,221/full/0/default.jpg",https://stacks.stanford.edu/image/iiif/fm855tg5659/1607_0907/full/full/0/default.jpg,http://beehive-anno.library.upenn.edu/annotation/1680284220527,244013733,,"https://stacks.stanford.edu/image/iiif/fm855tg5659/1607_0907/866,3733,600,180/250,/0/default.jpg",4809. Church yard,<a href='/digital-beehive/toc/toc2_430/'>Full Page</a>,,
num_3505,Volume 2,440,,4810,Old & obsolete words : New fangled words,4801-4825,,,,,<a href='/digital-beehive/index5/index_4609/'>old & new words</a>,#item-7c88149a5,,Entry: 4810|Topic: Old & obsolete words : New fangled words|Index: old & new words|#item-7c88149a5,"https://stacks.stanford.edu/image/iiif/fm855tg5659/1607_0907/806,4260,1644,761/full/0/default.jpg",https://stacks.stanford.edu/image/iiif/fm855tg5659/1607_0907/full/full/0/default.jpg,http://beehive-anno.library.upenn.edu/annotation/1680284331249,244014260,,"https://stacks.stanford.edu/image/iiif/fm855tg5659/1607_0907/806,4260,600,180/250,/0/default.jpg",4810. Old & obsolete words : New fangled words,<a href='/digital-beehive/toc/toc2_430/'>Full Page</a>,The purpose of the symbol drawn below this entry is not clear.,
num_3506,Volume 2,441,,4811,[WORD_MISSING],4801-4825,,,,,<a href='/digital-beehive/index4/index_2881/'>parents</a>,#item-6bc3d7278,,Entry: 4811|Topic: [WORD_MISSING]|Index: parents|#item-6bc3d7278,"https://stacks.stanford.edu/image/iiif/fm855tg5659/1607_0908/535,279,2816,311/full/0/default.jpg",https://stacks.stanford.edu/image/iiif/fm855tg5659/1607_0908/full/full/0/default.jpg,http://beehive-anno.library.upenn.edu/annotation/1680284507766,244110279,,"https://stacks.stanford.edu/image/iiif/fm855tg5659/1607_0908/535,279,600,180/250,/0/default.jpg",4811. [WORD_MISSING],<a href='/digital-beehive/toc/toc2_431/'>Full Page</a>,The entry number and topic are illegible due to damage. We have labeled this entry with the logical number in the sequence.,
num_3507,Volume 2,441,,4812,Life,4801-4825,,,,,<a href='/digital-beehive/index3/index_2283/'>life</a>,#item-4f17f11ae,,Entry: 4812|Topic: Life|Index: life|#item-4f17f11ae,"https://stacks.stanford.edu/image/iiif/fm855tg5659/1607_0908/630,986,2773,334/full/0/default.jpg",https://stacks.stanford.edu/image/iiif/fm855tg5659/1607_0908/full/full/0/default.jpg,http://beehive-anno.library.upenn.edu/annotation/1680284559532,244110986,,"https://stacks.stanford.edu/image/iiif/fm855tg5659/1607_0908/630,986,600,180/250,/0/default.jpg",4812. Life,<a href='/digital-beehive/toc/toc2_431/'>Full Page</a>,,
num_3508,Volume 2,441,,4813,Friendship,4801-4825,,,,,<a href='/digital-beehive/index2/index_1546/'>friendship</a>,#item-4196cb330,,Entry: 4813|Topic: Friendship|Index: friendship|#item-4196cb330,"https://stacks.stanford.edu/image/iiif/fm855tg5659/1607_0908/633,1926,2725,235/full/0/default.jpg",https://stacks.stanford.edu/image/iiif/fm855tg5659/1607_0908/full/full/0/default.jpg,http://beehive-anno.library.upenn.edu/annotation/1680284613973,244111926,,"https://stacks.stanford.edu/image/iiif/fm855tg5659/1607_0908/633,1926,600,180/250,/0/default.jpg",4813. Friendship,<a href='/digital-beehive/toc/toc2_431/'>Full Page</a>,,
num_3509,Volume 2,441,,4814,Beauty,4801-4825,,,,,<a href='/digital-beehive/index1/index_0323/'>beauty</a>,#item-24dfc25cc,,Entry: 4814|Topic: Beauty|Index: beauty|#item-24dfc25cc,"https://stacks.stanford.edu/image/iiif/fm855tg5659/1607_0908/609,2964,2810,258/full/0/default.jpg",https://stacks.stanford.edu/image/iiif/fm855tg5659/1607_0908/full/full/0/default.jpg,http://beehive-anno.library.upenn.edu/annotation/1680284646781,244112964,,"https://stacks.stanford.edu/image/iiif/fm855tg5659/1607_0908/609,2964,600,180/250,/0/default.jpg",4814. Beauty,<a href='/digital-beehive/toc/toc2_431/'>Full Page</a>,,
num_3510,Volume 2,441,,4815,Time,4801-4825,,,<a href='/digital-beehive/num9/num_2994/'>2059 [Time]</a>,,<a href='/digital-beehive/index5/index_4154/'>time</a>,#item-27d79e2ec,,Entry: 4815|Topic: Time|Xref: 2059 [Time]|Index: time|#item-27d79e2ec,"https://stacks.stanford.edu/image/iiif/fm855tg5659/1607_0908/582,3847,2858,271/full/0/default.jpg",https://stacks.stanford.edu/image/iiif/fm855tg5659/1607_0908/full/full/0/default.jpg,http://beehive-anno.library.upenn.edu/annotation/1680284711057,244113847,,"https://stacks.stanford.edu/image/iiif/fm855tg5659/1607_0908/582,3847,600,180/250,/0/default.jpg",4815. Time,<a href='/digital-beehive/toc/toc2_431/'>Full Page</a>,,<a href='/digital-beehive/num11/num_3511/'>Sir Roger de Coverly</a>
num_3511,Volume 2,441,,4815,Sir Roger de Coverly,4801-4825,,,,,[NOT_IN_INDEX],#item-3beeec135,,Entry: 4815|Topic: Sir Roger de Coverly|Index: [NOT_IN_INDEX]|#item-3beeec135,"https://stacks.stanford.edu/image/iiif/fm855tg5659/1607_0908/569,4419,2850,432/full/0/default.jpg",https://stacks.stanford.edu/image/iiif/fm855tg5659/1607_0908/full/full/0/default.jpg,http://beehive-anno.library.upenn.edu/annotation/1680284912771,244114419,,"https://stacks.stanford.edu/image/iiif/fm855tg5659/1607_0908/569,4419,600,180/250,/0/default.jpg",4815. Sir Roger de Coverly,<a href='/digital-beehive/toc/toc2_431/'>Full Page</a>,,<a href='/digital-beehive/num11/num_3510/'>Time</a>
num_3512,Volume 2,442,,4816,Lying,4801-4825,,,,,<a href='/digital-beehive/index3/index_2281/'>lie</a>,#item-d6572bc7f,,Entry: 4816|Topic: Lying|Index: lie|#item-d6572bc7f,"https://stacks.stanford.edu/image/iiif/fm855tg5659/1607_0909/801,221,1611,270/full/0/default.jpg",https://stacks.stanford.edu/image/iiif/fm855tg5659/1607_0909/full/full/0/default.jpg,http://beehive-anno.library.upenn.edu/annotation/1680284971649,244210221,,"https://stacks.stanford.edu/image/iiif/fm855tg5659/1607_0909/801,221,600,180/250,/0/default.jpg",4816. Lying,<a href='/digital-beehive/toc/toc2_432/'>Full Page</a>,"Damage obfuscates this entry number and topic, but there is enough context and visibility to determine them.",
num_3513,Volume 2,442,,4817,Bad man,4801-4825,,,,,<a href='/digital-beehive/index3/index_2405/'>bad & base man</a>,#item-7f6bd2099,,Entry: 4817|Topic: Bad man|Index: bad & base man|#item-7f6bd2099,"https://stacks.stanford.edu/image/iiif/fm855tg5659/1607_0909/695,1076,2768,253/full/0/default.jpg",https://stacks.stanford.edu/image/iiif/fm855tg5659/1607_0909/full/full/0/default.jpg,http://beehive-anno.library.upenn.edu/annotation/1680285045506,244211076,,"https://stacks.stanford.edu/image/iiif/fm855tg5659/1607_0909/695,1076,600,180/250,/0/default.jpg",4817. Bad man,<a href='/digital-beehive/toc/toc2_432/'>Full Page</a>,,
num_3514,Volume 2,442,,4818,Pride,4801-4825,,,,,<a href='/digital-beehive/index4/index_3151/'>pride</a>,#item-829153cc9,,Entry: 4818|Topic: Pride|Index: pride|#item-829153cc9,"https://stacks.stanford.edu/image/iiif/fm855tg5659/1607_0909/696,1951,2737,278/full/0/default.jpg",https://stacks.stanford.edu/image/iiif/fm855tg5659/1607_0909/full/full/0/default.jpg,http://beehive-anno.library.upenn.edu/annotation/1680285103724,244211951,,"https://stacks.stanford.edu/image/iiif/fm855tg5659/1607_0909/696,1951,600,180/250,/0/default.jpg",4818. Pride,<a href='/digital-beehive/toc/toc2_432/'>Full Page</a>,,
num_3515,Volume 2,442,,4819,Virtue,4801-4825,,,,,<a href='/digital-beehive/index5/index_4319/'>vertue</a>,#item-5abbf893b,,Entry: 4819|Topic: Virtue|Index: vertue|#item-5abbf893b,"https://stacks.stanford.edu/image/iiif/fm855tg5659/1607_0909/726,2847,2717,282/full/0/default.jpg",https://stacks.stanford.edu/image/iiif/fm855tg5659/1607_0909/full/full/0/default.jpg,http://beehive-anno.library.upenn.edu/annotation/1680285144994,244212847,,"https://stacks.stanford.edu/image/iiif/fm855tg5659/1607_0909/726,2847,600,180/250,/0/default.jpg",4819. Virtue,<a href='/digital-beehive/toc/toc2_432/'>Full Page</a>,,
num_3516,Volume 2,442,,4820,Bad & imperious Women,4801-4825,,,,,<a href='/digital-beehive/index5/index_4594/'>woman's imperiousness</a>,#item-6bf4b6cde,,Entry: 4820|Topic: Bad & imperious Women|Index: woman's imperiousness|#item-6bf4b6cde,"https://stacks.stanford.edu/image/iiif/fm855tg5659/1607_0909/707,3788,2851,428/full/0/default.jpg",https://stacks.stanford.edu/image/iiif/fm855tg5659/1607_0909/full/full/0/default.jpg,http://beehive-anno.library.upenn.edu/annotation/1680285194611,244213788,,"https://stacks.stanford.edu/image/iiif/fm855tg5659/1607_0909/707,3788,600,180/250,/0/default.jpg",4820. Bad & imperious Women,<a href='/digital-beehive/toc/toc2_432/'>Full Page</a>,,
num_3517,Volume 2,443,,4821,[WORD_MISSING],4801-4825,,,,,<a href='/digital-beehive/index2/index_1862/'>homer</a>,#item-284213d44,,Entry: 4821|Topic: [WORD_MISSING]|Index: homer|#item-284213d44,"https://stacks.stanford.edu/image/iiif/fm855tg5659/1607_0910/434,242,2754,206/full/0/default.jpg",https://stacks.stanford.edu/image/iiif/fm855tg5659/1607_0910/full/full/0/default.jpg,http://beehive-anno.library.upenn.edu/annotation/1680615790689,244310242,,"https://stacks.stanford.edu/image/iiif/fm855tg5659/1607_0910/434,242,600,180/250,/0/default.jpg",4821. [WORD_MISSING],<a href='/digital-beehive/toc/toc2_433/'>Full Page</a>,The entry number and topic are illegible due to damage. We have labeled this entry with the logical number in the sequence.,
num_3518,Volume 2,443,,4822,a Winking,4801-4825,,,4577 [PAGE_MISSING; Ogling],,<a href='/digital-beehive/index5/index_4563/'>wink</a>,#item-656be2de6,,Entry: 4822|Topic: a Winking|Xref: 4577 [PAGE_MISSING; Ogling]|Index: wink|#item-656be2de6,"https://stacks.stanford.edu/image/iiif/fm855tg5659/1607_0910/481,509,2713,434/full/0/default.jpg",https://stacks.stanford.edu/image/iiif/fm855tg5659/1607_0910/full/full/0/default.jpg,http://beehive-anno.library.upenn.edu/annotation/1680615830784,244310509,,"https://stacks.stanford.edu/image/iiif/fm855tg5659/1607_0910/481,509,600,180/250,/0/default.jpg",4822. a Winking,<a href='/digital-beehive/toc/toc2_433/'>Full Page</a>,,
num_3519,Volume 2,443,,4823,Always,4801-4825,,,,,<a href='/digital-beehive/index1/index_0117/'>always</a>,#item-9225bd060,,Entry: 4823|Topic: Always|Index: always|#item-9225bd060,"https://stacks.stanford.edu/image/iiif/fm855tg5659/1607_0910/499,1144,2738,224/full/0/default.jpg",https://stacks.stanford.edu/image/iiif/fm855tg5659/1607_0910/full/full/0/default.jpg,http://beehive-anno.library.upenn.edu/annotation/1680616249551,244311144,,"https://stacks.stanford.edu/image/iiif/fm855tg5659/1607_0910/499,1144,600,180/250,/0/default.jpg",4823. Always,<a href='/digital-beehive/toc/toc2_433/'>Full Page</a>,,
num_3520,Volume 2,443,,4824,Philosophy,4801-4825,,,,,<a href='/digital-beehive/index4/index_3022/'>philosophy</a>,#item-00954a277,,Entry: 4824|Topic: Philosophy|Index: philosophy|#item-00954a277,"https://stacks.stanford.edu/image/iiif/fm855tg5659/1607_0910/546,1523,1750,210/full/0/default.jpg",https://stacks.stanford.edu/image/iiif/fm855tg5659/1607_0910/full/full/0/default.jpg,http://beehive-anno.library.upenn.edu/annotation/1680616283294,244311523,,"https://stacks.stanford.edu/image/iiif/fm855tg5659/1607_0910/546,1523,600,180/250,/0/default.jpg",4824. Philosophy,<a href='/digital-beehive/toc/toc2_433/'>Full Page</a>,,
num_3521,Volume 2,443,,4825,Latin,4801-4825,,,,,<a href='/digital-beehive/index3/index_2216/'>latin</a>,#item-7dee544aa,,Entry: 4825|Topic: Latin|Index: latin|#item-7dee544aa,"https://stacks.stanford.edu/image/iiif/fm855tg5659/1607_0910/551,1957,1731,237/full/0/default.jpg",https://stacks.stanford.edu/image/iiif/fm855tg5659/1607_0910/full/full/0/default.jpg,http://beehive-anno.library.upenn.edu/annotation/1680616315389,244311957,,"https://stacks.stanford.edu/image/iiif/fm855tg5659/1607_0910/551,1957,600,180/250,/0/default.jpg",4825. Latin,<a href='/digital-beehive/toc/toc2_433/'>Full Page</a>,,
num_3522,Volume 2,443,,4826,Epic,4826-4850,,,4786 [[PAGE_MISSING]],,<a href='/digital-beehive/index2/index_1278/'>epic poem</a>,#item-601ca44ae,,Entry: 4826|Topic: Epic|Xref: 4786 [[PAGE_MISSING]]|Index: epic poem|#item-601ca44ae,"https://stacks.stanford.edu/image/iiif/fm855tg5659/1607_0910/518,2510,2762,292/full/0/default.jpg",https://stacks.stanford.edu/image/iiif/fm855tg5659/1607_0910/full/full/0/default.jpg,http://beehive-anno.library.upenn.edu/annotation/1680616394216,244312510,,"https://stacks.stanford.edu/image/iiif/fm855tg5659/1607_0910/518,2510,600,180/250,/0/default.jpg",4826. Epic,<a href='/digital-beehive/toc/toc2_433/'>Full Page</a>,,
num_3523,Volume 2,443,,4827,Journal,4826-4850,,,,,<a href='/digital-beehive/index3/index_2110/'>journal</a>,#item-e373b3a48,,Entry: 4827|Topic: Journal|Index: journal|#item-e373b3a48,"https://stacks.stanford.edu/image/iiif/fm855tg5659/1607_0910/492,2940,2321,234/full/0/default.jpg",https://stacks.stanford.edu/image/iiif/fm855tg5659/1607_0910/full/full/0/default.jpg,http://beehive-anno.library.upenn.edu/annotation/1680616538496,244312940,,"https://stacks.stanford.edu/image/iiif/fm855tg5659/1607_0910/492,2940,600,180/250,/0/default.jpg",4827. Journal,<a href='/digital-beehive/toc/toc2_433/'>Full Page</a>,,
num_3524,Volume 2,443,,4828,Herod,4826-4850,,,,,<a href='/digital-beehive/index2/index_1819/'>herod</a>,#item-5e485583e,,Entry: 4828|Topic: Herod|Index: herod|#item-5e485583e,"https://stacks.stanford.edu/image/iiif/fm855tg5659/1607_0910/481,3487,1301,173/full/0/default.jpg",https://stacks.stanford.edu/image/iiif/fm855tg5659/1607_0910/full/full/0/default.jpg,http://beehive-anno.library.upenn.edu/annotation/1680616569073,244313487,,"https://stacks.stanford.edu/image/iiif/fm855tg5659/1607_0910/481,3487,600,180/250,/0/default.jpg",4828. Herod,<a href='/digital-beehive/toc/toc2_433/'>Full Page</a>,,
num_3525,Volume 2,443,,4829,Letter droppers,4826-4850,,,,,<a href='/digital-beehive/index3/index_2264/'>letter droppers</a>,#item-a990c5fd8,,Entry: 4829|Topic: Letter droppers|Index: letter droppers|#item-a990c5fd8,"https://stacks.stanford.edu/image/iiif/fm855tg5659/1607_0910/462,3834,1274,210/full/0/default.jpg",https://stacks.stanford.edu/image/iiif/fm855tg5659/1607_0910/full/full/0/default.jpg,http://beehive-anno.library.upenn.edu/annotation/1680616601601,244313834,,"https://stacks.stanford.edu/image/iiif/fm855tg5659/1607_0910/462,3834,600,180/250,/0/default.jpg",4829. Letter droppers,<a href='/digital-beehive/toc/toc2_433/'>Full Page</a>,,
num_3526,Volume 2,443,,4830,Stories,4826-4850,,,,,<a href='/digital-beehive/index4/index_3917/'>stories</a>,#item-27c1f6bcd,,Entry: 4830|Topic: Stories|Index: stories|#item-27c1f6bcd,"https://stacks.stanford.edu/image/iiif/fm855tg5659/1607_0910/450,4355,2065,190/full/0/default.jpg",https://stacks.stanford.edu/image/iiif/fm855tg5659/1607_0910/full/full/0/default.jpg,http://beehive-anno.library.upenn.edu/annotation/1680616640577,244314355,,"https://stacks.stanford.edu/image/iiif/fm855tg5659/1607_0910/450,4355,600,180/250,/0/default.jpg",4830. Stories,<a href='/digital-beehive/toc/toc2_433/'>Full Page</a>,,
num_3527,Volume 2,444,,4831,[WORD_MISSING],4826-4850,,,,,<a href='/digital-beehive/index1/index_0277/'>baldness</a>,#item-93179d3ca,,Entry: 4831|Topic: [WORD_MISSING]|Index: baldness|#item-93179d3ca,"https://stacks.stanford.edu/image/iiif/fm855tg5659/1607_0911/904,219,1999,208/full/0/default.jpg",https://stacks.stanford.edu/image/iiif/fm855tg5659/1607_0911/full/full/0/default.jpg,http://beehive-anno.library.upenn.edu/annotation/1680616832452,244410219,,"https://stacks.stanford.edu/image/iiif/fm855tg5659/1607_0911/904,219,600,180/250,/0/default.jpg",4831. [WORD_MISSING],<a href='/digital-beehive/toc/toc2_434/'>Full Page</a>,The entry number and topic are illegible due to damage. We have labeled this entry with the logical number in the sequence.,
num_3528,Volume 2,444,,4832,A,4826-4850,,,,,[NOT_IN_INDEX],#item-802144244,,Entry: 4832|Topic: A|Index: [NOT_IN_INDEX]|#item-802144244,"https://stacks.stanford.edu/image/iiif/fm855tg5659/1607_0911/844,651,2262,208/full/0/default.jpg",https://stacks.stanford.edu/image/iiif/fm855tg5659/1607_0911/full/full/0/default.jpg,http://beehive-anno.library.upenn.edu/annotation/1680616874260,244410651,,"https://stacks.stanford.edu/image/iiif/fm855tg5659/1607_0911/844,651,600,180/250,/0/default.jpg",4832. A,<a href='/digital-beehive/toc/toc2_434/'>Full Page</a>,,
num_3529,Volume 2,444,,4833,Executors,4826-4850,,,,,<a href='/digital-beehive/index2/index_1341/'>executors</a>,#item-e2a0cf17e,,Entry: 4833|Topic: Executors|Index: executors|#item-e2a0cf17e,"https://stacks.stanford.edu/image/iiif/fm855tg5659/1607_0911/830,1049,2727,273/full/0/default.jpg",https://stacks.stanford.edu/image/iiif/fm855tg5659/1607_0911/full/full/0/default.jpg,http://beehive-anno.library.upenn.edu/annotation/1680616987933,244411049,,"https://stacks.stanford.edu/image/iiif/fm855tg5659/1607_0911/830,1049,600,180/250,/0/default.jpg",4833. Executors,<a href='/digital-beehive/toc/toc2_434/'>Full Page</a>,,
num_3530,Volume 2,444,,4834,Fishery,4826-4850,,,,,[NOT_IN_INDEX],#item-ad749e1d5,,Entry: 4834|Topic: Fishery|Index: [NOT_IN_INDEX]|#item-ad749e1d5,"https://stacks.stanford.edu/image/iiif/fm855tg5659/1607_0911/804,1537,2792,277/full/0/default.jpg",https://stacks.stanford.edu/image/iiif/fm855tg5659/1607_0911/full/full/0/default.jpg,http://beehive-anno.library.upenn.edu/annotation/1680617027680,244411537,,"https://stacks.stanford.edu/image/iiif/fm855tg5659/1607_0911/804,1537,600,180/250,/0/default.jpg",4834. Fishery,<a href='/digital-beehive/toc/toc2_434/'>Full Page</a>,,
num_3531,Volume 2,444,,4835,Flux and reflux,4826-4850,,,<a href='/digital-beehive/num5/num_1723/'>1246 [Ebbing and Flowing]</a>,,<a href='/digital-beehive/index2/index_1489/'>flux & reflux</a>,#item-1783f25f3,,Entry: 4835|Topic: Flux and reflux|Xref: 1246 [Ebbing and Flowing]|Index: flux & reflux|#item-1783f25f3,"https://stacks.stanford.edu/image/iiif/fm855tg5659/1607_0911/837,2034,2304,220/full/0/default.jpg",https://stacks.stanford.edu/image/iiif/fm855tg5659/1607_0911/full/full/0/default.jpg,http://beehive-anno.library.upenn.edu/annotation/1680617257595,244412034,,"https://stacks.stanford.edu/image/iiif/fm855tg5659/1607_0911/837,2034,600,180/250,/0/default.jpg",4835. Flux and reflux,<a href='/digital-beehive/toc/toc2_434/'>Full Page</a>,,<a href='/digital-beehive/num11/num_3532/'>Paronomasia</a>
num_3532,Volume 2,444,,4835,Paronomasia,4826-4850,,,4569 [PAGE_MISSING; Punning],,<a href='/digital-beehive/index4/index_2889/'>paronomasia</a>,#item-641c70202,,Entry: 4835|Topic: Paronomasia|Xref: 4569 [PAGE_MISSING; Punning]|Index: paronomasia|#item-641c70202,"https://stacks.stanford.edu/image/iiif/fm855tg5659/1607_0911/815,2185,1836,145/full/0/default.jpg",https://stacks.stanford.edu/image/iiif/fm855tg5659/1607_0911/full/full/0/default.jpg,http://beehive-anno.library.upenn.edu/annotation/1680617435171,244412185,,"https://stacks.stanford.edu/image/iiif/fm855tg5659/1607_0911/815,2185,600,180/250,/0/default.jpg",4835. Paronomasia,<a href='/digital-beehive/toc/toc2_434/'>Full Page</a>,,<a href='/digital-beehive/num11/num_3531/'>Flux and reflux</a>
num_3533,Volume 2,444,,4836,Sun,4826-4850,,,,,[NOT_IN_INDEX],#item-5a19a8d89,,Entry: 4836|Topic: Sun|Index: [NOT_IN_INDEX]|#item-5a19a8d89,"https://stacks.stanford.edu/image/iiif/fm855tg5659/1607_0911/835,2520,2807,244/full/0/default.jpg",https://stacks.stanford.edu/image/iiif/fm855tg5659/1607_0911/full/full/0/default.jpg,http://beehive-anno.library.upenn.edu/annotation/1680617570245,244412520,,"https://stacks.stanford.edu/image/iiif/fm855tg5659/1607_0911/835,2520,600,180/250,/0/default.jpg",4836. Sun,<a href='/digital-beehive/toc/toc2_434/'>Full Page</a>,,
num_3534,Volume 2,444,,4837,Knowledge,4826-4850,,,,,<a href='/digital-beehive/index3/index_2178/'>knowledge of God</a>,#item-f3ce01016,,Entry: 4837|Topic: Knowledge|Index: knowledge of God|#item-f3ce01016,"https://stacks.stanford.edu/image/iiif/fm855tg5659/1607_0911/830,3147,2772,186/full/0/default.jpg",https://stacks.stanford.edu/image/iiif/fm855tg5659/1607_0911/full/full/0/default.jpg,http://beehive-anno.library.upenn.edu/annotation/1680617644677,244413147,,"https://stacks.stanford.edu/image/iiif/fm855tg5659/1607_0911/830,3147,600,180/250,/0/default.jpg",4837. Knowledge,<a href='/digital-beehive/toc/toc2_434/'>Full Page</a>,,
num_3535,Volume 2,444,,4839,Patriarchs,4826-4850,,,,,<a href='/digital-beehive/index4/index_2922/'>patriarchs</a>,#item-16aead3ab,,Entry: 4839|Topic: Patriarchs|Index: patriarchs|#item-16aead3ab,"https://stacks.stanford.edu/image/iiif/fm855tg5659/1607_0911/837,3718,2802,324/full/0/default.jpg",https://stacks.stanford.edu/image/iiif/fm855tg5659/1607_0911/full/full/0/default.jpg,http://beehive-anno.library.upenn.edu/annotation/1680617780161,244413718,,"https://stacks.stanford.edu/image/iiif/fm855tg5659/1607_0911/837,3718,600,180/250,/0/default.jpg",4839. Patriarchs,<a href='/digital-beehive/toc/toc2_434/'>Full Page</a>,,
num_3536,Volume 2,444,,4840,Faith and Works,4826-4850,,,,,<a href='/digital-beehive/index2/index_1384/'>Faith & Works</a>,#item-ec2bd1b90,,Entry: 4840|Topic: Faith and Works|Index: Faith & Works|#item-ec2bd1b90,"https://stacks.stanford.edu/image/iiif/fm855tg5659/1607_0911/853,4298,2726,313/full/0/default.jpg",https://stacks.stanford.edu/image/iiif/fm855tg5659/1607_0911/full/full/0/default.jpg,http://beehive-anno.library.upenn.edu/annotation/1680617832977,244414298,,"https://stacks.stanford.edu/image/iiif/fm855tg5659/1607_0911/853,4298,600,180/250,/0/default.jpg",4840. Faith and Works,<a href='/digital-beehive/toc/toc2_434/'>Full Page</a>,,
num_3537,Volume 2,445,,4841,[WORD_MISSING],4826-4850,,,,,[NOT_IN_INDEX],#item-4207ad3fe,,Entry: 4841|Topic: [WORD_MISSING]|Index: [NOT_IN_INDEX]|#item-4207ad3fe,"https://stacks.stanford.edu/image/iiif/fm855tg5659/1607_0912/600,237,2732,187/full/0/default.jpg",https://stacks.stanford.edu/image/iiif/fm855tg5659/1607_0912/full/full/0/default.jpg,http://beehive-anno.library.upenn.edu/annotation/1680618395713,244510237,,"https://stacks.stanford.edu/image/iiif/fm855tg5659/1607_0912/600,237,600,180/250,/0/default.jpg",4841. [WORD_MISSING],<a href='/digital-beehive/toc/toc2_435/'>Full Page</a>,The entry number and topic are illegible due to damage. We have labeled this entry with the logical number in the sequence.,
num_3538,Volume 2,445,,4842,Disinheriting,4826-4850,,,,,<a href='/digital-beehive/index1/index_1082/'>disinhereting</a>,#item-f471a08a7,,Entry: 4842|Topic: Disinheriting|Index: disinhereting|#item-f471a08a7,"https://stacks.stanford.edu/image/iiif/fm855tg5659/1607_0912/667,750,2654,333/full/0/default.jpg",https://stacks.stanford.edu/image/iiif/fm855tg5659/1607_0912/full/full/0/default.jpg,http://beehive-anno.library.upenn.edu/annotation/1680618982141,244510750,,"https://stacks.stanford.edu/image/iiif/fm855tg5659/1607_0912/667,750,600,180/250,/0/default.jpg",4842. Disinheriting,<a href='/digital-beehive/toc/toc2_435/'>Full Page</a>,,
num_3539,Volume 2,445,,4843,Posies,4826-4850,,,,,<a href='/digital-beehive/index4/index_3082/'>posies</a>,#item-c88c02132,,Entry: 4843|Topic: Posies|Index: posies|#item-c88c02132,"https://stacks.stanford.edu/image/iiif/fm855tg5659/1607_0912/687,1269,2698,405/full/0/default.jpg",https://stacks.stanford.edu/image/iiif/fm855tg5659/1607_0912/full/full/0/default.jpg,http://beehive-anno.library.upenn.edu/annotation/1680619095695,244511269,,"https://stacks.stanford.edu/image/iiif/fm855tg5659/1607_0912/687,1269,600,180/250,/0/default.jpg",4843. Posies,<a href='/digital-beehive/toc/toc2_435/'>Full Page</a>,,
num_3540,Volume 2,445,,4844,Vain Books,4826-4850,<a href='/digital-beehive/toc/toc1_119/'>p.62.2 [Image 1.130]</a>,,,,<a href='/digital-beehive/index1/index_0412/'>books for the fire</a>,#item-c77111441,,Entry: 4844|Topic: Vain Books|Page: p.62.2 [Image 1.130]|Index: books for the fire|#item-c77111441,"https://stacks.stanford.edu/image/iiif/fm855tg5659/1607_0912/652,1847,2630,322/full/0/default.jpg",https://stacks.stanford.edu/image/iiif/fm855tg5659/1607_0912/full/full/0/default.jpg,http://beehive-anno.library.upenn.edu/annotation/1680619136342,244511847,,"https://stacks.stanford.edu/image/iiif/fm855tg5659/1607_0912/652,1847,600,180/250,/0/default.jpg",4844. Vain Books,<a href='/digital-beehive/toc/toc2_435/'>Full Page</a>,,
num_3541,Volume 2,445,,4845,Duty towards God & Parents,4826-4850,,,,,[NOT_IN_INDEX],#item-63fe507e2,,Entry: 4845|Topic: Duty towards God & Parents|Index: [NOT_IN_INDEX]|#item-63fe507e2,"https://stacks.stanford.edu/image/iiif/fm855tg5659/1607_0912/699,2421,2659,381/full/0/default.jpg",https://stacks.stanford.edu/image/iiif/fm855tg5659/1607_0912/full/full/0/default.jpg,http://beehive-anno.library.upenn.edu/annotation/1680619296459,244512421,,"https://stacks.stanford.edu/image/iiif/fm855tg5659/1607_0912/699,2421,600,180/250,/0/default.jpg",4845. Duty towards God & Parents,<a href='/digital-beehive/toc/toc2_435/'>Full Page</a>,,
num_3542,Volume 2,445,,4846,Sons : Sonship : adopted,4826-4850,,,,,[NOT_IN_INDEX],#item-344c9b41e,,Entry: 4846|Topic: Sons : Sonship : adopted|Index: [NOT_IN_INDEX]|#item-344c9b41e,"https://stacks.stanford.edu/image/iiif/fm855tg5659/1607_0912/606,3028,2696,300/full/0/default.jpg",https://stacks.stanford.edu/image/iiif/fm855tg5659/1607_0912/full/full/0/default.jpg,http://beehive-anno.library.upenn.edu/annotation/1686069819272,244513028,,"https://stacks.stanford.edu/image/iiif/fm855tg5659/1607_0912/606,3028,600,180/250,/0/default.jpg",4846. Sons : Sonship : adopted,<a href='/digital-beehive/toc/toc2_435/'>Full Page</a>,,
num_3543,Volume 2,445,,4847,Isaac,4826-4850,,,,,<a href='/digital-beehive/index3/index_2124/'>Isaac</a>,#item-96da0030b,,Entry: 4847|Topic: Isaac|Index: Isaac|#item-96da0030b,"https://stacks.stanford.edu/image/iiif/fm855tg5659/1607_0912/647,3644,2638,226/full/0/default.jpg",https://stacks.stanford.edu/image/iiif/fm855tg5659/1607_0912/full/full/0/default.jpg,http://beehive-anno.library.upenn.edu/annotation/1682432888052,244513644,,"https://stacks.stanford.edu/image/iiif/fm855tg5659/1607_0912/647,3644,600,180/250,/0/default.jpg",4847. Isaac,<a href='/digital-beehive/toc/toc2_435/'>Full Page</a>,,
num_3544,Volume 2,445,,4848,Noah's ark,4826-4850,,,,,<a href='/digital-beehive/index1/index_0205/'>ark</a>,#item-39c19f57b,,Entry: 4848|Topic: Noah's ark|Index: ark|#item-39c19f57b,"https://stacks.stanford.edu/image/iiif/fm855tg5659/1607_0912/626,4239,2677,299/full/0/default.jpg",https://stacks.stanford.edu/image/iiif/fm855tg5659/1607_0912/full/full/0/default.jpg,http://beehive-anno.library.upenn.edu/annotation/1682432969987,244514239,,"https://stacks.stanford.edu/image/iiif/fm855tg5659/1607_0912/626,4239,600,180/250,/0/default.jpg",4848. Noah's ark,<a href='/digital-beehive/toc/toc2_435/'>Full Page</a>,,
num_3545,Volume 2,446,,4849,[WORD_MISSING; Hope],4826-4850,,,,,[NOT_IN_INDEX],#item-19b4670a9,,Entry: 4849|Topic: [WORD_MISSING; Hope]|Index: [NOT_IN_INDEX]|#item-19b4670a9,"https://stacks.stanford.edu/image/iiif/fm855tg5659/1607_0913/838,223,2742,1649/full/0/default.jpg",https://stacks.stanford.edu/image/iiif/fm855tg5659/1607_0913/full/full/0/default.jpg,http://beehive-anno.library.upenn.edu/annotation/1686069927414,244610223,,"https://stacks.stanford.edu/image/iiif/fm855tg5659/1607_0913/838,223,600,180/250,/0/default.jpg",4849. [WORD_MISSING; Hope],<a href='/digital-beehive/toc/toc2_436/'>Full Page</a>,"This is an unusual entry. The topic is obfuscated by damage, though the underlined word ""Hope"" is visible.",
num_3546,Volume 2,446,,4850,World,4826-4850,,,,,[NOT_IN_INDEX],#item-6d2510262,,Entry: 4850|Topic: World|Index: [NOT_IN_INDEX]|#item-6d2510262,"https://stacks.stanford.edu/image/iiif/fm855tg5659/1607_0913/741,3507,2561,435/full/0/default.jpg",https://stacks.stanford.edu/image/iiif/fm855tg5659/1607_0913/full/full/0/default.jpg,http://beehive-anno.library.upenn.edu/annotation/1686069981033,244613507,,"https://stacks.stanford.edu/image/iiif/fm855tg5659/1607_0913/741,3507,600,180/250,/0/default.jpg",4850. World,<a href='/digital-beehive/toc/toc2_436/'>Full Page</a>,"It is not clear whether the number 4850 goes with the text above it, as entry numbers typically appear at the top of the entry.",
num_3547,Volume 2,447,,4851,[WORD_MISSING],4851-4875,,,,,<a href='/digital-beehive/index1/index_0322/'>a beau</a>,#item-f2bd6ccb5,,Entry: 4851|Topic: [WORD_MISSING]|Index: a beau|#item-f2bd6ccb5,"https://stacks.stanford.edu/image/iiif/fm855tg5659/1607_0914/512,218,2938,235/full/0/default.jpg",https://stacks.stanford.edu/image/iiif/fm855tg5659/1607_0914/full/full/0/default.jpg,http://beehive-anno.library.upenn.edu/annotation/1680620636835,244710218,,"https://stacks.stanford.edu/image/iiif/fm855tg5659/1607_0914/512,218,600,180/250,/0/default.jpg",4851. [WORD_MISSING],<a href='/digital-beehive/toc/toc2_437/'>Full Page</a>,The entry number and topic are illegible due to damage. We have labeled this entry with the logical number in the sequence.,
num_3548,Volume 2,447,,4852,Turbulent : troublesom,4851-4875,,,,,"<a href='/digital-beehive/index5/index_4248/'>troublesom</a>|<a href='/digital-beehive/index5/index_4264/'>tumultuous, turbulent</a>",#item-b6be9d083,,"Entry: 4852|Topic: Turbulent : troublesom|Index: troublesom|Index: tumultuous, turbulent|#item-b6be9d083","https://stacks.stanford.edu/image/iiif/fm855tg5659/1607_0914/567,689,2855,276/full/0/default.jpg",https://stacks.stanford.edu/image/iiif/fm855tg5659/1607_0914/full/full/0/default.jpg,http://beehive-anno.library.upenn.edu/annotation/1680620838172,244710689,,"https://stacks.stanford.edu/image/iiif/fm855tg5659/1607_0914/567,689,600,180/250,/0/default.jpg",4852. Turbulent : troublesom,<a href='/digital-beehive/toc/toc2_437/'>Full Page</a>,,
num_3549,Volume 2,447,,4853,Selfopinionated,4851-4875,,,,,<a href='/digital-beehive/index4/index_3605/'>Self conceited</a>|<a href='/digital-beehive/index4/index_3623/'>Self opinioned</a>,#item-fefad495a,,Entry: 4853|Topic: Selfopinionated|Index: Self conceited|Index: Self opinioned|#item-fefad495a,"https://stacks.stanford.edu/image/iiif/fm855tg5659/1607_0914/544,1164,2905,316/full/0/default.jpg",https://stacks.stanford.edu/image/iiif/fm855tg5659/1607_0914/full/full/0/default.jpg,http://beehive-anno.library.upenn.edu/annotation/1680621089894,244711164,,"https://stacks.stanford.edu/image/iiif/fm855tg5659/1607_0914/544,1164,600,180/250,/0/default.jpg",4853. Selfopinionated,<a href='/digital-beehive/toc/toc2_437/'>Full Page</a>,,
num_3550,Volume 2,447,,4854,Humourous,4851-4875,,,735 [PAGE_MISSING; Peevish]|<a href='/digital-beehive/num10/num_3469/'>4481 [Whimsies]</a>,,[NOT_IN_INDEX],#item-cac90a812,,Entry: 4854|Topic: Humourous|Xref: 735 [PAGE_MISSING; Peevish]|Xref: 4481 [Whimsies]|Index: [NOT_IN_INDEX]|#item-cac90a812,"https://stacks.stanford.edu/image/iiif/fm855tg5659/1607_0914/607,1618,2833,253/full/0/default.jpg",https://stacks.stanford.edu/image/iiif/fm855tg5659/1607_0914/full/full/0/default.jpg,http://beehive-anno.library.upenn.edu/annotation/1680621471834,244711618,,"https://stacks.stanford.edu/image/iiif/fm855tg5659/1607_0914/607,1618,600,180/250,/0/default.jpg",4854. Humourous,<a href='/digital-beehive/toc/toc2_437/'>Full Page</a>,,
num_3551,Volume 2,447,,4855,Fops and fools are won,4851-4875,,,,,[NOT_IN_INDEX],#item-e32a1e822,,Entry: 4855|Topic: Fops and fools are won|Index: [NOT_IN_INDEX]|#item-e32a1e822,"https://stacks.stanford.edu/image/iiif/fm855tg5659/1607_0914/571,2029,2784,248/full/0/default.jpg",https://stacks.stanford.edu/image/iiif/fm855tg5659/1607_0914/full/full/0/default.jpg,http://beehive-anno.library.upenn.edu/annotation/1680621744868,244712029,,"https://stacks.stanford.edu/image/iiif/fm855tg5659/1607_0914/571,2029,600,180/250,/0/default.jpg",4855. Fops and fools are won,<a href='/digital-beehive/toc/toc2_437/'>Full Page</a>,,
num_3552,Volume 2,447,,4856,Gosiping,4851-4875,,,,,<a href='/digital-beehive/index5/index_4729/'>gossipping</a>,#item-16cc03988,,Entry: 4856|Topic: Gosiping|Index: gossipping|#item-16cc03988,"https://stacks.stanford.edu/image/iiif/fm855tg5659/1607_0914/574,2616,2795,253/full/0/default.jpg",https://stacks.stanford.edu/image/iiif/fm855tg5659/1607_0914/full/full/0/default.jpg,http://beehive-anno.library.upenn.edu/annotation/1680621954680,244712616,,"https://stacks.stanford.edu/image/iiif/fm855tg5659/1607_0914/574,2616,600,180/250,/0/default.jpg",4856. Gosiping,<a href='/digital-beehive/toc/toc2_437/'>Full Page</a>,,
num_3553,Volume 2,447,,4857,Drowning,4851-4875,,,,,<a href='/digital-beehive/index1/index_1158/'>drowning</a>,#item-1c43f6a6e,,Entry: 4857|Topic: Drowning|Index: drowning|#item-1c43f6a6e,"https://stacks.stanford.edu/image/iiif/fm855tg5659/1607_0914/565,3136,2817,210/full/0/default.jpg",https://stacks.stanford.edu/image/iiif/fm855tg5659/1607_0914/full/full/0/default.jpg,http://beehive-anno.library.upenn.edu/annotation/1680621989076,244713136,,"https://stacks.stanford.edu/image/iiif/fm855tg5659/1607_0914/565,3136,600,180/250,/0/default.jpg",4857. Drowning,<a href='/digital-beehive/toc/toc2_437/'>Full Page</a>,,
num_3554,Volume 2,447,,4858,Heros,4851-4875,,,,,<a href='/digital-beehive/index5/index_4727/'>heros</a>,#item-345749f0d,,Entry: 4858|Topic: Heros|Index: heros|#item-345749f0d,"https://stacks.stanford.edu/image/iiif/fm855tg5659/1607_0914/568,3530,2796,239/full/0/default.jpg",https://stacks.stanford.edu/image/iiif/fm855tg5659/1607_0914/full/full/0/default.jpg,http://beehive-anno.library.upenn.edu/annotation/1680622022937,244713530,,"https://stacks.stanford.edu/image/iiif/fm855tg5659/1607_0914/568,3530,600,180/250,/0/default.jpg",4858. Heros,<a href='/digital-beehive/toc/toc2_437/'>Full Page</a>,,
num_3555,Volume 2,447,,4859,Genesis,4851-4875,,,,,<a href='/digital-beehive/index2/index_1592/'>genesis</a>,#item-2d7ece319,,Entry: 4859|Topic: Genesis|Index: genesis|#item-2d7ece319,"https://stacks.stanford.edu/image/iiif/fm855tg5659/1607_0914/588,3910,2822,258/full/0/default.jpg",https://stacks.stanford.edu/image/iiif/fm855tg5659/1607_0914/full/full/0/default.jpg,http://beehive-anno.library.upenn.edu/annotation/1680622063841,244713910,,"https://stacks.stanford.edu/image/iiif/fm855tg5659/1607_0914/588,3910,600,180/250,/0/default.jpg",4859. Genesis,<a href='/digital-beehive/toc/toc2_437/'>Full Page</a>,,
num_3556,Volume 2,447,,4860,Judith,4851-4875,,,,,<a href='/digital-beehive/index3/index_2130/'>Judith</a>,#item-98e8c3d17,,Entry: 4860|Topic: Judith|Index: Judith|#item-98e8c3d17,"https://stacks.stanford.edu/image/iiif/fm855tg5659/1607_0914/587,4292,2806,255/full/0/default.jpg",https://stacks.stanford.edu/image/iiif/fm855tg5659/1607_0914/full/full/0/default.jpg,http://beehive-anno.library.upenn.edu/annotation/1680622104777,244714292,,"https://stacks.stanford.edu/image/iiif/fm855tg5659/1607_0914/587,4292,600,180/250,/0/default.jpg",4860. Judith,<a href='/digital-beehive/toc/toc2_437/'>Full Page</a>,,
num_3557,Volume 2,450,,4861,Joseph,4851-4875,,,,,[NOT_IN_INDEX],#item-ad961dd4f,,Entry: 4861|Topic: Joseph|Index: [NOT_IN_INDEX]|#item-ad961dd4f,"https://stacks.stanford.edu/image/iiif/fm855tg5659/1607_0917/790,236,2779,197/full/0/default.jpg",https://stacks.stanford.edu/image/iiif/fm855tg5659/1607_0917/full/full/0/default.jpg,http://beehive-anno.library.upenn.edu/annotation/1680622262018,245010236,,"https://stacks.stanford.edu/image/iiif/fm855tg5659/1607_0917/790,236,600,180/250,/0/default.jpg",4861. Joseph,<a href='/digital-beehive/toc/toc2_440/'>Full Page</a>,,
num_3558,Volume 2,450,,4862,Inamoured,4851-4875,,,,,<a href='/digital-beehive/index3/index_1989/'>inamoured</a>,#item-3edcb3a1a,,Entry: 4862|Topic: Inamoured|Index: inamoured|#item-3edcb3a1a,"https://stacks.stanford.edu/image/iiif/fm855tg5659/1607_0917/768,812,2715,220/full/0/default.jpg",https://stacks.stanford.edu/image/iiif/fm855tg5659/1607_0917/full/full/0/default.jpg,http://beehive-anno.library.upenn.edu/annotation/1680622323594,245010812,,"https://stacks.stanford.edu/image/iiif/fm855tg5659/1607_0917/768,812,600,180/250,/0/default.jpg",4862. Inamoured,<a href='/digital-beehive/toc/toc2_440/'>Full Page</a>,,
num_3559,Volume 2,450,,4863,Agriculture & Country life,4851-4875,,,,,<a href='/digital-beehive/index1/index_0082/'>agriculture</a>,#item-25ce8e524,,Entry: 4863|Topic: Agriculture & Country life|Index: agriculture|#item-25ce8e524,"https://stacks.stanford.edu/image/iiif/fm855tg5659/1607_0917/782,1726,2657,235/full/0/default.jpg",https://stacks.stanford.edu/image/iiif/fm855tg5659/1607_0917/full/full/0/default.jpg,http://beehive-anno.library.upenn.edu/annotation/1680622374932,245011726,,"https://stacks.stanford.edu/image/iiif/fm855tg5659/1607_0917/782,1726,600,180/250,/0/default.jpg",4863. Agriculture & Country life,<a href='/digital-beehive/toc/toc2_440/'>Full Page</a>,,
num_3560,Volume 2,450,,4864,Conjuring,4851-4875,,,,,<a href='/digital-beehive/index1/index_0796/'>conjuring</a>,#item-255ed1af5,,Entry: 4864|Topic: Conjuring|Index: conjuring|#item-255ed1af5,"https://stacks.stanford.edu/image/iiif/fm855tg5659/1607_0917/757,2738,2841,257/full/0/default.jpg",https://stacks.stanford.edu/image/iiif/fm855tg5659/1607_0917/full/full/0/default.jpg,http://beehive-anno.library.upenn.edu/annotation/1680622413017,245012738,,"https://stacks.stanford.edu/image/iiif/fm855tg5659/1607_0917/757,2738,600,180/250,/0/default.jpg",4864. Conjuring,<a href='/digital-beehive/toc/toc2_440/'>Full Page</a>,"The Octavo Index entry for ""conjuring"" mistakenly lists 1864. Pastorius likely meant to list this entry.",
num_3561,Volume 2,450,,4865,The Signification of some Dreams,4851-4875,,,,,[NOT_IN_INDEX],#item-750d60654,,Entry: 4865|Topic: The Signification of some Dreams|Index: [NOT_IN_INDEX]|#item-750d60654,"https://stacks.stanford.edu/image/iiif/fm855tg5659/1607_0917/743,3673,2933,875/full/0/default.jpg",https://stacks.stanford.edu/image/iiif/fm855tg5659/1607_0917/full/full/0/default.jpg,http://beehive-anno.library.upenn.edu/annotation/1680622595473,245013673,,"https://stacks.stanford.edu/image/iiif/fm855tg5659/1607_0917/743,3673,600,180/250,/0/default.jpg",4865. The Signification of some Dreams,<a href='/digital-beehive/toc/toc2_440/'>Full Page</a>,,
num_3562,Volume 2,450,,4866,Graces before and after meat,4851-4875,,,,,<a href='/digital-beehive/index2/index_1681/'>graces before meat</a>,#item-2f9333029,,Entry: 4866|Topic: Graces before and after meat|Index: graces before meat|#item-2f9333029,"https://stacks.stanford.edu/image/iiif/fm855tg5659/1607_0917/754,4451,2927,238/full/0/default.jpg",https://stacks.stanford.edu/image/iiif/fm855tg5659/1607_0917/full/full/0/default.jpg,http://beehive-anno.library.upenn.edu/annotation/1680622665935,245014451,,"https://stacks.stanford.edu/image/iiif/fm855tg5659/1607_0917/754,4451,600,180/250,/0/default.jpg",4866. Graces before and after meat,<a href='/digital-beehive/toc/toc2_440/'>Full Page</a>,,
num_3563,Volume 2,451,,4867,Procrastination,4851-4875,,,,,<a href='/digital-beehive/index4/index_3174/'>procrastination</a>,#item-ae3ecdccc,,Entry: 4867|Topic: Procrastination|Index: procrastination|#item-ae3ecdccc,"https://stacks.stanford.edu/image/iiif/fm855tg5659/1607_0918/522,299,2804,172/full/0/default.jpg",https://stacks.stanford.edu/image/iiif/fm855tg5659/1607_0918/full/full/0/default.jpg,http://beehive-anno.library.upenn.edu/annotation/1680622750425,245110299,,"https://stacks.stanford.edu/image/iiif/fm855tg5659/1607_0918/522,299,600,180/250,/0/default.jpg",4867. Procrastination,<a href='/digital-beehive/toc/toc2_441/'>Full Page</a>,"Damage obfuscates this entry number and topic, but there is enough context and visibility to determine them.",
num_3564,Volume 2,451,,4868,Galileans,4851-4875,,,,,<a href='/digital-beehive/index2/index_1578/'>galilee</a>,#item-045e42ab3,,Entry: 4868|Topic: Galileans|Index: galilee|#item-045e42ab3,"https://stacks.stanford.edu/image/iiif/fm855tg5659/1607_0918/591,859,2755,228/full/0/default.jpg",https://stacks.stanford.edu/image/iiif/fm855tg5659/1607_0918/full/full/0/default.jpg,http://beehive-anno.library.upenn.edu/annotation/1680622883940,245110859,,"https://stacks.stanford.edu/image/iiif/fm855tg5659/1607_0918/591,859,600,180/250,/0/default.jpg",4868. Galileans,<a href='/digital-beehive/toc/toc2_441/'>Full Page</a>,,
num_3565,Volume 2,451,,4869,Excuses,4851-4875,,,,,<a href='/digital-beehive/index2/index_1338/'>excuse</a>,#item-c9fb8b215,,Entry: 4869|Topic: Excuses|Index: excuse|#item-c9fb8b215,"https://stacks.stanford.edu/image/iiif/fm855tg5659/1607_0918/611,1373,2112,177/full/0/default.jpg",https://stacks.stanford.edu/image/iiif/fm855tg5659/1607_0918/full/full/0/default.jpg,http://beehive-anno.library.upenn.edu/annotation/1680622925212,245111373,,"https://stacks.stanford.edu/image/iiif/fm855tg5659/1607_0918/611,1373,600,180/250,/0/default.jpg",4869. Excuses,<a href='/digital-beehive/toc/toc2_441/'>Full Page</a>,,
num_3566,Volume 2,451,,4870,Dancing,4851-4875,,,,,<a href='/digital-beehive/index1/index_0943/'>dancing</a>,#item-9df521200,,Entry: 4870|Topic: Dancing|Index: dancing|#item-9df521200,"https://stacks.stanford.edu/image/iiif/fm855tg5659/1607_0918/614,2146,2497,283/full/0/default.jpg",https://stacks.stanford.edu/image/iiif/fm855tg5659/1607_0918/full/full/0/default.jpg,http://beehive-anno.library.upenn.edu/annotation/1680623004869,245112146,,"https://stacks.stanford.edu/image/iiif/fm855tg5659/1607_0918/614,2146,600,180/250,/0/default.jpg",4870. Dancing,<a href='/digital-beehive/toc/toc2_441/'>Full Page</a>,"The Octavo Index entry for ""dancing"" mistakenly lists 1870. Pastorius likely meant to list this entry.",
num_3567,Volume 2,451,,4871,Pavement,4851-4875,,,,,<a href='/digital-beehive/index4/index_2926/'>pavemt</a>,#item-609f824d9,,Entry: 4871|Topic: Pavement|Index: pavemt|#item-609f824d9,"https://stacks.stanford.edu/image/iiif/fm855tg5659/1607_0918/570,2692,2851,296/full/0/default.jpg",https://stacks.stanford.edu/image/iiif/fm855tg5659/1607_0918/full/full/0/default.jpg,http://beehive-anno.library.upenn.edu/annotation/1680623122079,245112692,,"https://stacks.stanford.edu/image/iiif/fm855tg5659/1607_0918/570,2692,600,180/250,/0/default.jpg",4871. Pavement,<a href='/digital-beehive/toc/toc2_441/'>Full Page</a>,,
num_3568,Volume 2,451,,4872,Quick,4851-4875,,,,,<a href='/digital-beehive/index4/index_3259/'>quick</a>,#item-9f1bbdffa,,Entry: 4872|Topic: Quick|Index: quick|#item-9f1bbdffa,"https://stacks.stanford.edu/image/iiif/fm855tg5659/1607_0918/639,3221,877,203/full/0/default.jpg",https://stacks.stanford.edu/image/iiif/fm855tg5659/1607_0918/full/full/0/default.jpg,http://beehive-anno.library.upenn.edu/annotation/1680623162237,245113221,,"https://stacks.stanford.edu/image/iiif/fm855tg5659/1607_0918/639,3221,600,180/250,/0/default.jpg",4872. Quick,<a href='/digital-beehive/toc/toc2_441/'>Full Page</a>,"The Octavo Index entry for ""quick"" mistakenly lists 1872. Pastorius likely meant to list this entry.",
num_3569,Volume 2,451,,4873,Miller,4851-4875,,,,,<a href='/digital-beehive/index3/index_2516/'>miller</a>,#item-bd75a3ea3,,Entry: 4873|Topic: Miller|Index: miller|#item-bd75a3ea3,"https://stacks.stanford.edu/image/iiif/fm855tg5659/1607_0918/590,3721,2828,219/full/0/default.jpg",https://stacks.stanford.edu/image/iiif/fm855tg5659/1607_0918/full/full/0/default.jpg,http://beehive-anno.library.upenn.edu/annotation/1680623362335,245113721,,"https://stacks.stanford.edu/image/iiif/fm855tg5659/1607_0918/590,3721,600,180/250,/0/default.jpg",4873. Miller,<a href='/digital-beehive/toc/toc2_441/'>Full Page</a>,"The Octavo Index entry for ""miller"" mistakenly lists 1873. Pastorius likely meant to list this entry.",
num_3570,Volume 2,451,,4874,Angling,4851-4875,,,,,<a href='/digital-beehive/index5/index_4730/'>angling</a>,#item-960baf898,,Entry: 4874|Topic: Angling|Index: angling|#item-960baf898,"https://stacks.stanford.edu/image/iiif/fm855tg5659/1607_0918/626,4119,2756,219/full/0/default.jpg",https://stacks.stanford.edu/image/iiif/fm855tg5659/1607_0918/full/full/0/default.jpg,http://beehive-anno.library.upenn.edu/annotation/1680623783298,245114119,,"https://stacks.stanford.edu/image/iiif/fm855tg5659/1607_0918/626,4119,600,180/250,/0/default.jpg",4874. Angling,<a href='/digital-beehive/toc/toc2_441/'>Full Page</a>,"The Octavo Index entry for ""angling"" mistakenly lists 1874. Pastorius likely meant to list this entry.",
num_3571,Volume 2,451,,4875,Wedding,4851-4875,,,,,[NOT_IN_INDEX],#item-f855850ab,,Entry: 4875|Topic: Wedding|Index: [NOT_IN_INDEX]|#item-f855850ab,"https://stacks.stanford.edu/image/iiif/fm855tg5659/1607_0918/602,4454,2884,253/full/0/default.jpg",https://stacks.stanford.edu/image/iiif/fm855tg5659/1607_0918/full/full/0/default.jpg,http://beehive-anno.library.upenn.edu/annotation/1680623866655,245114454,,"https://stacks.stanford.edu/image/iiif/fm855tg5659/1607_0918/602,4454,600,180/250,/0/default.jpg",4875. Wedding,<a href='/digital-beehive/toc/toc2_441/'>Full Page</a>,,
num_3572,Volume 2,452,,4876,God's Work,4876-4900,,,,,<a href='/digital-beehive/index2/index_1658/'>God's work</a>,#item-bf4958dd2,,Entry: 4876|Topic: God's Work|Index: God's work|#item-bf4958dd2,"https://stacks.stanford.edu/image/iiif/fm855tg5659/1607_0919/766,264,2731,237/full/0/default.jpg",https://stacks.stanford.edu/image/iiif/fm855tg5659/1607_0919/full/full/0/default.jpg,http://beehive-anno.library.upenn.edu/annotation/1680623947215,245210264,,"https://stacks.stanford.edu/image/iiif/fm855tg5659/1607_0919/766,264,600,180/250,/0/default.jpg",4876. God's Work,<a href='/digital-beehive/toc/toc2_442/'>Full Page</a>,"Damage obfuscates this entry number and topic, but there is enough context and visibility to determine them.",
num_3573,Volume 2,452,,4877,Perfection,4876-4900,,,,,[NOT_IN_INDEX],#item-b282c8553,,Entry: 4877|Topic: Perfection|Index: [NOT_IN_INDEX]|#item-b282c8553,"https://stacks.stanford.edu/image/iiif/fm855tg5659/1607_0919/718,921,2704,287/full/0/default.jpg",https://stacks.stanford.edu/image/iiif/fm855tg5659/1607_0919/full/full/0/default.jpg,http://beehive-anno.library.upenn.edu/annotation/1680624055357,245210921,,"https://stacks.stanford.edu/image/iiif/fm855tg5659/1607_0919/718,921,600,180/250,/0/default.jpg",4877. Perfection,<a href='/digital-beehive/toc/toc2_442/'>Full Page</a>,,
num_3574,Volume 2,452,,4878,Despair,4876-4900,,,,,[NOT_IN_INDEX],#item-556821c34,,Entry: 4878|Topic: Despair|Index: [NOT_IN_INDEX]|#item-556821c34,"https://stacks.stanford.edu/image/iiif/fm855tg5659/1607_0919/714,1740,2718,221/full/0/default.jpg",https://stacks.stanford.edu/image/iiif/fm855tg5659/1607_0919/full/full/0/default.jpg,http://beehive-anno.library.upenn.edu/annotation/1680624083522,245211740,,"https://stacks.stanford.edu/image/iiif/fm855tg5659/1607_0919/714,1740,600,180/250,/0/default.jpg",4878. Despair,<a href='/digital-beehive/toc/toc2_442/'>Full Page</a>,,
num_3575,Volume 2,452,,4879,Trinitus Idolatrica,4876-4900,,,,,<a href='/digital-beehive/index5/index_4133/'>threefold Cord of Satan</a>,#item-27907d98d,,Entry: 4879|Topic: Trinitus Idolatrica|Index: threefold Cord of Satan|#item-27907d98d,"https://stacks.stanford.edu/image/iiif/fm855tg5659/1607_0919/722,2635,2786,279/full/0/default.jpg",https://stacks.stanford.edu/image/iiif/fm855tg5659/1607_0919/full/full/0/default.jpg,http://beehive-anno.library.upenn.edu/annotation/1680624149097,245212635,,"https://stacks.stanford.edu/image/iiif/fm855tg5659/1607_0919/722,2635,600,180/250,/0/default.jpg",4879. Trinitus Idolatrica,<a href='/digital-beehive/toc/toc2_442/'>Full Page</a>,,
num_3576,Volume 2,452,,4880,Courtship,4876-4900,,,,,<a href='/digital-beehive/index1/index_0884/'>to court</a>,#item-6a6761aa8,,Entry: 4880|Topic: Courtship|Index: to court|#item-6a6761aa8,"https://stacks.stanford.edu/image/iiif/fm855tg5659/1607_0919/693,3745,2816,274/full/0/default.jpg",https://stacks.stanford.edu/image/iiif/fm855tg5659/1607_0919/full/full/0/default.jpg,http://beehive-anno.library.upenn.edu/annotation/1680624189225,245213745,,"https://stacks.stanford.edu/image/iiif/fm855tg5659/1607_0919/693,3745,600,180/250,/0/default.jpg",4880. Courtship,<a href='/digital-beehive/toc/toc2_442/'>Full Page</a>,,
num_3577,Volume 2,453,,4881,[WORD_MISSING],4876-4900,,,,,<a href='/digital-beehive/index1/index_0211/'>arrius</a>,#item-8cca7bd00,,Entry: 4881|Topic: [WORD_MISSING]|Index: arrius|#item-8cca7bd00,"https://stacks.stanford.edu/image/iiif/fm855tg5659/1607_0920/605,261,2818,172/full/0/default.jpg",https://stacks.stanford.edu/image/iiif/fm855tg5659/1607_0920/full/full/0/default.jpg,http://beehive-anno.library.upenn.edu/annotation/1680627665586,245310261,,"https://stacks.stanford.edu/image/iiif/fm855tg5659/1607_0920/605,261,600,180/250,/0/default.jpg",4881. [WORD_MISSING],<a href='/digital-beehive/toc/toc2_443/'>Full Page</a>,The entry number and topic are illegible due to damage. We have labeled this entry with the logical number in the sequence.,
num_3578,Volume 2,453,,4882,Face,4876-4900,,,,,[NOT_IN_INDEX],#item-d7c5067cc,,Entry: 4882|Topic: Face|Index: [NOT_IN_INDEX]|#item-d7c5067cc,"https://stacks.stanford.edu/image/iiif/fm855tg5659/1607_0920/645,744,2073,189/full/0/default.jpg",https://stacks.stanford.edu/image/iiif/fm855tg5659/1607_0920/full/full/0/default.jpg,http://beehive-anno.library.upenn.edu/annotation/1680627707154,245310744,,"https://stacks.stanford.edu/image/iiif/fm855tg5659/1607_0920/645,744,600,180/250,/0/default.jpg",4882. Face,<a href='/digital-beehive/toc/toc2_443/'>Full Page</a>,,
num_3579,Volume 2,453,,4883,[WORD_MISSING],4876-4900,,,,,[NOT_IN_INDEX],#item-8f8c27075,,Entry: 4883|Topic: [WORD_MISSING]|Index: [NOT_IN_INDEX]|#item-8f8c27075,"https://stacks.stanford.edu/image/iiif/fm855tg5659/1607_0920/595,1285,1059,257/full/0/default.jpg",https://stacks.stanford.edu/image/iiif/fm855tg5659/1607_0920/full/full/0/default.jpg,http://beehive-anno.library.upenn.edu/annotation/1680627755525,245311285,,"https://stacks.stanford.edu/image/iiif/fm855tg5659/1607_0920/595,1285,600,180/250,/0/default.jpg",4883. [WORD_MISSING],<a href='/digital-beehive/toc/toc2_443/'>Full Page</a>,This is a blank entry.,
num_3580,Volume 2,453,,4884,Ignoble,4876-4900,,,,,<a href='/digital-beehive/index3/index_1948/'>ignoble</a>,#item-3c2f9a885,,Entry: 4884|Topic: Ignoble|Index: ignoble|#item-3c2f9a885,"https://stacks.stanford.edu/image/iiif/fm855tg5659/1607_0920/657,1720,2738,226/full/0/default.jpg",https://stacks.stanford.edu/image/iiif/fm855tg5659/1607_0920/full/full/0/default.jpg,http://beehive-anno.library.upenn.edu/annotation/1680627837133,245311720,,"https://stacks.stanford.edu/image/iiif/fm855tg5659/1607_0920/657,1720,600,180/250,/0/default.jpg",4884. Ignoble,<a href='/digital-beehive/toc/toc2_443/'>Full Page</a>,,
num_3581,Volume 2,453,,4885,Shame,4876-4900,,,,,<a href='/digital-beehive/index4/index_3659/'>shame</a>,#item-2752c28a1,,Entry: 4885|Topic: Shame|Index: shame|#item-2752c28a1,"https://stacks.stanford.edu/image/iiif/fm855tg5659/1607_0920/670,2144,2083,203/full/0/default.jpg",https://stacks.stanford.edu/image/iiif/fm855tg5659/1607_0920/full/full/0/default.jpg,http://beehive-anno.library.upenn.edu/annotation/1680627866239,245312144,,"https://stacks.stanford.edu/image/iiif/fm855tg5659/1607_0920/670,2144,600,180/250,/0/default.jpg",4885. Shame,<a href='/digital-beehive/toc/toc2_443/'>Full Page</a>,,
num_3582,Volume 2,453,,4886,Want,4876-4900,,,,,<a href='/digital-beehive/index5/index_4468/'>want</a>,#item-51bf7ea84,,Entry: 4886|Topic: Want|Index: want|#item-51bf7ea84,"https://stacks.stanford.edu/image/iiif/fm855tg5659/1607_0920/696,2626,2012,235/full/0/default.jpg",https://stacks.stanford.edu/image/iiif/fm855tg5659/1607_0920/full/full/0/default.jpg,http://beehive-anno.library.upenn.edu/annotation/1680627890103,245312626,,"https://stacks.stanford.edu/image/iiif/fm855tg5659/1607_0920/696,2626,600,180/250,/0/default.jpg",4886. Want,<a href='/digital-beehive/toc/toc2_443/'>Full Page</a>,,
num_3583,Volume 2,453,,4887,broad & small Way,4876-4900,,,,,<a href='/digital-beehive/index5/index_4497/'>way broad & small</a>,#item-cb4ad5dda,,Entry: 4887|Topic: broad & small Way|Index: way broad & small|#item-cb4ad5dda,"https://stacks.stanford.edu/image/iiif/fm855tg5659/1607_0920/680,3209,2732,220/full/0/default.jpg",https://stacks.stanford.edu/image/iiif/fm855tg5659/1607_0920/full/full/0/default.jpg,http://beehive-anno.library.upenn.edu/annotation/1680627945673,245313209,,"https://stacks.stanford.edu/image/iiif/fm855tg5659/1607_0920/680,3209,600,180/250,/0/default.jpg",4887. broad & small Way,<a href='/digital-beehive/toc/toc2_443/'>Full Page</a>,,
num_3584,Volume 2,453,,4888,Beyond,4876-4900,,,,,<a href='/digital-beehive/index1/index_0368/'>beyond</a>,#item-ddd32a0d6,,Entry: 4888|Topic: Beyond|Index: beyond|#item-ddd32a0d6,"https://stacks.stanford.edu/image/iiif/fm855tg5659/1607_0920/687,3675,1833,175/full/0/default.jpg",https://stacks.stanford.edu/image/iiif/fm855tg5659/1607_0920/full/full/0/default.jpg,http://beehive-anno.library.upenn.edu/annotation/1680627983736,245313675,,"https://stacks.stanford.edu/image/iiif/fm855tg5659/1607_0920/687,3675,600,180/250,/0/default.jpg",4888. Beyond,<a href='/digital-beehive/toc/toc2_443/'>Full Page</a>,,
num_3585,Volume 2,453,,4889,Dinah,4876-4900,,,,,<a href='/digital-beehive/index5/index_4732/'>Dinah</a>,#item-8fde88e76,,Entry: 4889|Topic: Dinah|Index: Dinah|#item-8fde88e76,"https://stacks.stanford.edu/image/iiif/fm855tg5659/1607_0920/660,4084,986,170/full/0/default.jpg",https://stacks.stanford.edu/image/iiif/fm855tg5659/1607_0920/full/full/0/default.jpg,http://beehive-anno.library.upenn.edu/annotation/1680628011376,245314084,,"https://stacks.stanford.edu/image/iiif/fm855tg5659/1607_0920/660,4084,600,180/250,/0/default.jpg",4889. Dinah,<a href='/digital-beehive/toc/toc2_443/'>Full Page</a>,,
num_3586,Volume 2,453,,4890,[WORD_MISSING],4876-4900,,,,,[NOT_IN_INDEX],#item-cfa237c10,,Entry: 4890|Topic: [WORD_MISSING]|Index: [NOT_IN_INDEX]|#item-cfa237c10,"https://stacks.stanford.edu/image/iiif/fm855tg5659/1607_0920/616,4421,516,257/full/0/default.jpg",https://stacks.stanford.edu/image/iiif/fm855tg5659/1607_0920/full/full/0/default.jpg,http://beehive-anno.library.upenn.edu/annotation/1680628033952,245314421,,"https://stacks.stanford.edu/image/iiif/fm855tg5659/1607_0920/616,4421,600,180/250,/0/default.jpg",4890. [WORD_MISSING],<a href='/digital-beehive/toc/toc2_443/'>Full Page</a>,This is a blank entry.,
num_3587,Volume 2,456,,4913,War,4901-4925,,,,,<a href='/digital-beehive/index5/index_4474/'>war</a>,#item-8535d4c43,,Entry: 4913|Topic: War|Index: war|#item-8535d4c43,"https://stacks.stanford.edu/image/iiif/fm855tg5659/1607_0923/683,1363,2782,224/full/0/default.jpg",https://stacks.stanford.edu/image/iiif/fm855tg5659/1607_0923/full/full/0/default.jpg,http://beehive-anno.library.upenn.edu/annotation/1680628623042,245611363,,"https://stacks.stanford.edu/image/iiif/fm855tg5659/1607_0923/683,1363,600,180/250,/0/default.jpg",4913. War,<a href='/digital-beehive/toc/toc2_446/'>Full Page</a>,,
num_3588,Volume 2,456,,4914,Death of great & good men,4901-4925,,,,,<a href='/digital-beehive/index1/index_0968/'>death of good men</a>,#item-a848cc107,,Entry: 4914|Topic: Death of great & good men|Index: death of good men |#item-a848cc107,"https://stacks.stanford.edu/image/iiif/fm855tg5659/1607_0923/767,2203,2376,238/full/0/default.jpg",https://stacks.stanford.edu/image/iiif/fm855tg5659/1607_0923/full/full/0/default.jpg,http://beehive-anno.library.upenn.edu/annotation/1680628688792,245612203,,"https://stacks.stanford.edu/image/iiif/fm855tg5659/1607_0923/767,2203,600,180/250,/0/default.jpg",4914. Death of great & good men,<a href='/digital-beehive/toc/toc2_446/'>Full Page</a>,,
num_3589,Volume 2,456,,4915,Slander,4901-4925,,,,,<a href='/digital-beehive/index4/index_3742/'>slander</a>,#item-ad374669b,,Entry: 4915|Topic: Slander|Index: slander|#item-ad374669b,"https://stacks.stanford.edu/image/iiif/fm855tg5659/1607_0923/764,3262,2655,246/full/0/default.jpg",https://stacks.stanford.edu/image/iiif/fm855tg5659/1607_0923/full/full/0/default.jpg,http://beehive-anno.library.upenn.edu/annotation/1680628888414,245613262,,"https://stacks.stanford.edu/image/iiif/fm855tg5659/1607_0923/764,3262,600,180/250,/0/default.jpg",4915. Slander,<a href='/digital-beehive/toc/toc2_446/'>Full Page</a>,,
num_3590,Volume 2,456,,4916,Moderation,4901-4925,,,,,<a href='/digital-beehive/index3/index_2553/'>moderate</a>,#item-8e9398add,,Entry: 4916|Topic: Moderation|Index: moderate|#item-8e9398add,"https://stacks.stanford.edu/image/iiif/fm855tg5659/1607_0923/768,4147,2526,193/full/0/default.jpg",https://stacks.stanford.edu/image/iiif/fm855tg5659/1607_0923/full/full/0/default.jpg,http://beehive-anno.library.upenn.edu/annotation/1680628970102,245614147,,"https://stacks.stanford.edu/image/iiif/fm855tg5659/1607_0923/768,4147,600,180/250,/0/default.jpg",4916. Moderation,<a href='/digital-beehive/toc/toc2_446/'>Full Page</a>,,
num_3591,Volume 2,457,,4919,Worldly,4901-4925,,,,,<a href='/digital-beehive/index5/index_4619/'>worldly</a>,#item-086fc778a,,Entry: 4919|Topic: Worldly|Index: worldly|#item-086fc778a,"https://stacks.stanford.edu/image/iiif/fm855tg5659/1607_0924/524,1355,2834,293/full/0/default.jpg",https://stacks.stanford.edu/image/iiif/fm855tg5659/1607_0924/full/full/0/default.jpg,http://beehive-anno.library.upenn.edu/annotation/1680628454878,245711355,,"https://stacks.stanford.edu/image/iiif/fm855tg5659/1607_0924/524,1355,600,180/250,/0/default.jpg",4919. Worldly,<a href='/digital-beehive/toc/toc2_447/'>Full Page</a>,"This entry does not have an underlined topic, but ""Worldly"" seems like the clear topic nonetheless.",
num_3592,Volume 2,457,,4920,Ingratitude,4901-4925,,,,,[NOT_IN_INDEX],#item-f3bb6df6d,,Entry: 4920|Topic: Ingratitude|Index: [NOT_IN_INDEX]|#item-f3bb6df6d,"https://stacks.stanford.edu/image/iiif/fm855tg5659/1607_0924/524,1991,2621,248/full/0/default.jpg",https://stacks.stanford.edu/image/iiif/fm855tg5659/1607_0924/full/full/0/default.jpg,http://beehive-anno.library.upenn.edu/annotation/1680628220180,245711991,,"https://stacks.stanford.edu/image/iiif/fm855tg5659/1607_0924/524,1991,600,180/250,/0/default.jpg",4920. Ingratitude,<a href='/digital-beehive/toc/toc2_447/'>Full Page</a>,,
num_3593,Volume 2,458,,4927,Mortality,4926-4950,,,,,[NOT_IN_INDEX],#item-38300d861,,Entry: 4927|Topic: Mortality|Index: [NOT_IN_INDEX]|#item-38300d861,"https://stacks.stanford.edu/image/iiif/fm855tg5659/1607_0925/702,948,2689,321/full/0/default.jpg",https://stacks.stanford.edu/image/iiif/fm855tg5659/1607_0925/full/full/0/default.jpg,http://beehive-anno.library.upenn.edu/annotation/1680628250059,245810948,,"https://stacks.stanford.edu/image/iiif/fm855tg5659/1607_0925/702,948,600,180/250,/0/default.jpg",4927. Mortality,<a href='/digital-beehive/toc/toc2_448/'>Full Page</a>,"This entry does not have an underlined topic, but ""Mortality"" seems like the clear topic nonetheless.",
